<TICKER>;<PER>;<DATE>;<TIME>;<OPEN>;<HIGH>;<LOW>;<CLOSE>;<VOL>
SPFB.Si-9.20;1;14/08/20;10:01:00;73218.0000000;73237.0000000;73146.0000000;73162.0000000;15828
SPFB.Si-9.20;1;14/08/20;10:02:00;73166.0000000;73326.0000000;73155.0000000;73267.0000000;20466
SPFB.Si-9.20;1;14/08/20;10:03:00;73268.0000000;73376.0000000;73264.0000000;73298.0000000;16397
SPFB.Si-9.20;1;14/08/20;10:04:00;73299.0000000;73313.0000000;73278.0000000;73290.0000000;6134
SPFB.Si-9.20;1;14/08/20;10:05:00;73290.0000000;73358.0000000;73288.0000000;73343.0000000;6666
SPFB.Si-9.20;1;14/08/20;10:06:00;73343.0000000;73351.0000000;73325.0000000;73349.0000000;5184
SPFB.Si-9.20;1;14/08/20;10:07:00;73350.0000000;73354.0000000;73328.0000000;73347.0000000;7905
SPFB.Si-9.20;1;14/08/20;10:08:00;73347.0000000;73356.0000000;73287.0000000;73300.0000000;10046
SPFB.Si-9.20;1;14/08/20;10:09:00;73303.0000000;73370.0000000;73299.0000000;73342.0000000;8123
SPFB.Si-9.20;1;14/08/20;10:10:00;73341.0000000;73359.0000000;73338.0000000;73349.0000000;5157
SPFB.Si-9.20;1;14/08/20;10:11:00;73351.0000000;73430.0000000;73345.0000000;73418.0000000;28050
SPFB.Si-9.20;1;14/08/20;10:12:00;73418.0000000;73450.0000000;73411.0000000;73443.0000000;10031
SPFB.Si-9.20;1;14/08/20;10:13:00;73438.0000000;73449.0000000;73412.0000000;73417.0000000;7123
SPFB.Si-9.20;1;14/08/20;10:14:00;73419.0000000;73436.0000000;73413.0000000;73424.0000000;7154
SPFB.Si-9.20;1;14/08/20;10:15:00;73425.0000000;73444.0000000;73387.0000000;73440.0000000;8822
SPFB.Si-9.20;1;14/08/20;10:16:00;73439.0000000;73460.0000000;73382.0000000;73388.0000000;13808
SPFB.Si-9.20;1;14/08/20;10:17:00;73391.0000000;73395.0000000;73342.0000000;73357.0000000;11926
SPFB.Si-9.20;1;14/08/20;10:18:00;73358.0000000;73389.0000000;73345.0000000;73368.0000000;3839
SPFB.Si-9.20;1;14/08/20;10:19:00;73368.0000000;73395.0000000;73365.0000000;73372.0000000;2579
SPFB.Si-9.20;1;14/08/20;10:20:00;73371.0000000;73392.0000000;73362.0000000;73373.0000000;2003
SPFB.Si-9.20;1;14/08/20;10:21:00;73373.0000000;73410.0000000;73371.0000000;73410.0000000;5716
SPFB.Si-9.20;1;14/08/20;10:22:00;73409.0000000;73431.0000000;73390.0000000;73400.0000000;4774
SPFB.Si-9.20;1;14/08/20;10:23:00;73402.0000000;73412.0000000;73395.0000000;73395.0000000;1481
SPFB.Si-9.20;1;14/08/20;10:24:00;73399.0000000;73413.0000000;73392.0000000;73412.0000000;2378
SPFB.Si-9.20;1;14/08/20;10:25:00;73410.0000000;73419.0000000;73395.0000000;73405.0000000;1550
SPFB.Si-9.20;1;14/08/20;10:26:00;73405.0000000;73443.0000000;73395.0000000;73429.0000000;4721
SPFB.Si-9.20;1;14/08/20;10:27:00;73428.0000000;73490.0000000;73426.0000000;73439.0000000;12339
SPFB.Si-9.20;1;14/08/20;10:28:00;73440.0000000;73444.0000000;73414.0000000;73429.0000000;3980
SPFB.Si-9.20;1;14/08/20;10:29:00;73430.0000000;73450.0000000;73418.0000000;73427.0000000;2320
SPFB.Si-9.20;1;14/08/20;10:30:00;73424.0000000;73448.0000000;73423.0000000;73441.0000000;3035
SPFB.Si-9.20;1;14/08/20;10:31:00;73441.0000000;73510.0000000;73439.0000000;73504.0000000;11059
SPFB.Si-9.20;1;14/08/20;10:32:00;73504.0000000;73537.0000000;73484.0000000;73489.0000000;15666
SPFB.Si-9.20;1;14/08/20;10:33:00;73489.0000000;73524.0000000;73484.0000000;73488.0000000;7793
SPFB.Si-9.20;1;14/08/20;10:34:00;73488.0000000;73518.0000000;73483.0000000;73499.0000000;3384
SPFB.Si-9.20;1;14/08/20;10:35:00;73499.0000000;73530.0000000;73499.0000000;73519.0000000;4292
SPFB.Si-9.20;1;14/08/20;10:36:00;73518.0000000;73527.0000000;73497.0000000;73507.0000000;4035
SPFB.Si-9.20;1;14/08/20;10:37:00;73510.0000000;73524.0000000;73500.0000000;73511.0000000;3472
SPFB.Si-9.20;1;14/08/20;10:38:00;73512.0000000;73522.0000000;73486.0000000;73487.0000000;3901
SPFB.Si-9.20;1;14/08/20;10:39:00;73487.0000000;73499.0000000;73467.0000000;73481.0000000;3847
SPFB.Si-9.20;1;14/08/20;10:40:00;73483.0000000;73505.0000000;73464.0000000;73483.0000000;3435
SPFB.Si-9.20;1;14/08/20;10:41:00;73481.0000000;73492.0000000;73455.0000000;73456.0000000;4422
SPFB.Si-9.20;1;14/08/20;10:42:00;73460.0000000;73467.0000000;73420.0000000;73431.0000000;8929
SPFB.Si-9.20;1;14/08/20;10:43:00;73431.0000000;73440.0000000;73413.0000000;73426.0000000;2719
SPFB.Si-9.20;1;14/08/20;10:44:00;73429.0000000;73457.0000000;73429.0000000;73452.0000000;2684
SPFB.Si-9.20;1;14/08/20;10:45:00;73452.0000000;73487.0000000;73445.0000000;73481.0000000;3421
SPFB.Si-9.20;1;14/08/20;10:46:00;73481.0000000;73516.0000000;73478.0000000;73491.0000000;6668
SPFB.Si-9.20;1;14/08/20;10:47:00;73493.0000000;73497.0000000;73460.0000000;73478.0000000;4906
SPFB.Si-9.20;1;14/08/20;10:48:00;73482.0000000;73494.0000000;73465.0000000;73471.0000000;3605
SPFB.Si-9.20;1;14/08/20;10:49:00;73473.0000000;73489.0000000;73465.0000000;73486.0000000;3965
SPFB.Si-9.20;1;14/08/20;10:50:00;73484.0000000;73543.0000000;73476.0000000;73535.0000000;15123
SPFB.Si-9.20;1;14/08/20;10:51:00;73532.0000000;73557.0000000;73526.0000000;73539.0000000;8043
SPFB.Si-9.20;1;14/08/20;10:52:00;73538.0000000;73565.0000000;73533.0000000;73556.0000000;10011
SPFB.Si-9.20;1;14/08/20;10:53:00;73558.0000000;73564.0000000;73535.0000000;73535.0000000;5886
SPFB.Si-9.20;1;14/08/20;10:54:00;73535.0000000;73546.0000000;73512.0000000;73520.0000000;4581
SPFB.Si-9.20;1;14/08/20;10:55:00;73520.0000000;73551.0000000;73520.0000000;73545.0000000;2994
SPFB.Si-9.20;1;14/08/20;10:56:00;73549.0000000;73564.0000000;73542.0000000;73542.0000000;6238
SPFB.Si-9.20;1;14/08/20;10:57:00;73543.0000000;73573.0000000;73535.0000000;73570.0000000;6845
SPFB.Si-9.20;1;14/08/20;10:58:00;73570.0000000;73584.0000000;73544.0000000;73555.0000000;10228
SPFB.Si-9.20;1;14/08/20;10:59:00;73554.0000000;73574.0000000;73528.0000000;73529.0000000;5342
SPFB.Si-9.20;1;14/08/20;11:00:00;73531.0000000;73532.0000000;73518.0000000;73523.0000000;3383
SPFB.Si-9.20;1;14/08/20;11:01:00;73526.0000000;73547.0000000;73491.0000000;73507.0000000;9025
SPFB.Si-9.20;1;14/08/20;11:02:00;73507.0000000;73525.0000000;73492.0000000;73494.0000000;3480
SPFB.Si-9.20;1;14/08/20;11:03:00;73494.0000000;73509.0000000;73484.0000000;73488.0000000;3438
SPFB.Si-9.20;1;14/08/20;11:04:00;73487.0000000;73515.0000000;73484.0000000;73498.0000000;2176
SPFB.Si-9.20;1;14/08/20;11:05:00;73499.0000000;73515.0000000;73495.0000000;73495.0000000;1390
SPFB.Si-9.20;1;14/08/20;11:06:00;73497.0000000;73506.0000000;73487.0000000;73505.0000000;1551
SPFB.Si-9.20;1;14/08/20;11:07:00;73504.0000000;73509.0000000;73463.0000000;73471.0000000;3139
SPFB.Si-9.20;1;14/08/20;11:08:00;73470.0000000;73489.0000000;73467.0000000;73485.0000000;1577
SPFB.Si-9.20;1;14/08/20;11:09:00;73487.0000000;73516.0000000;73479.0000000;73516.0000000;2962
SPFB.Si-9.20;1;14/08/20;11:10:00;73516.0000000;73531.0000000;73510.0000000;73523.0000000;3471
SPFB.Si-9.20;1;14/08/20;11:11:00;73523.0000000;73542.0000000;73523.0000000;73537.0000000;4836
SPFB.Si-9.20;1;14/08/20;11:12:00;73537.0000000;73541.0000000;73510.0000000;73518.0000000;3173
SPFB.Si-9.20;1;14/08/20;11:13:00;73520.0000000;73550.0000000;73517.0000000;73528.0000000;4987
SPFB.Si-9.20;1;14/08/20;11:14:00;73529.0000000;73535.0000000;73497.0000000;73498.0000000;4019
SPFB.Si-9.20;1;14/08/20;11:15:00;73501.0000000;73524.0000000;73494.0000000;73518.0000000;2178
SPFB.Si-9.20;1;14/08/20;11:16:00;73522.0000000;73536.0000000;73521.0000000;73524.0000000;1605
SPFB.Si-9.20;1;14/08/20;11:17:00;73525.0000000;73549.0000000;73523.0000000;73543.0000000;1801
SPFB.Si-9.20;1;14/08/20;11:18:00;73542.0000000;73557.0000000;73535.0000000;73539.0000000;6251
SPFB.Si-9.20;1;14/08/20;11:19:00;73539.0000000;73544.0000000;73517.0000000;73521.0000000;2908
SPFB.Si-9.20;1;14/08/20;11:20:00;73519.0000000;73526.0000000;73508.0000000;73520.0000000;1875
SPFB.Si-9.20;1;14/08/20;11:21:00;73519.0000000;73549.0000000;73517.0000000;73545.0000000;8145
SPFB.Si-9.20;1;14/08/20;11:22:00;73545.0000000;73548.0000000;73518.0000000;73526.0000000;3139
SPFB.Si-9.20;1;14/08/20;11:23:00;73528.0000000;73541.0000000;73517.0000000;73522.0000000;4098
SPFB.Si-9.20;1;14/08/20;11:24:00;73521.0000000;73535.0000000;73513.0000000;73513.0000000;2345
SPFB.Si-9.20;1;14/08/20;11:25:00;73514.0000000;73528.0000000;73512.0000000;73519.0000000;3873
SPFB.Si-9.20;1;14/08/20;11:26:00;73522.0000000;73557.0000000;73522.0000000;73549.0000000;2738
SPFB.Si-9.20;1;14/08/20;11:27:00;73547.0000000;73590.0000000;73542.0000000;73580.0000000;13959
SPFB.Si-9.20;1;14/08/20;11:28:00;73578.0000000;73580.0000000;73551.0000000;73563.0000000;4542
SPFB.Si-9.20;1;14/08/20;11:29:00;73560.0000000;73570.0000000;73550.0000000;73555.0000000;2018
SPFB.Si-9.20;1;14/08/20;11:30:00;73557.0000000;73559.0000000;73526.0000000;73532.0000000;4187
SPFB.Si-9.20;1;14/08/20;11:31:00;73534.0000000;73557.0000000;73532.0000000;73542.0000000;2844
SPFB.Si-9.20;1;14/08/20;11:32:00;73542.0000000;73550.0000000;73536.0000000;73544.0000000;1799
SPFB.Si-9.20;1;14/08/20;11:33:00;73545.0000000;73570.0000000;73545.0000000;73549.0000000;4087
SPFB.Si-9.20;1;14/08/20;11:34:00;73548.0000000;73567.0000000;73542.0000000;73562.0000000;2508
SPFB.Si-9.20;1;14/08/20;11:35:00;73561.0000000;73587.0000000;73543.0000000;73580.0000000;2790
SPFB.Si-9.20;1;14/08/20;11:36:00;73582.0000000;73589.0000000;73545.0000000;73549.0000000;5842
SPFB.Si-9.20;1;14/08/20;11:37:00;73549.0000000;73554.0000000;73522.0000000;73534.0000000;2987
SPFB.Si-9.20;1;14/08/20;11:38:00;73532.0000000;73560.0000000;73527.0000000;73532.0000000;2122
SPFB.Si-9.20;1;14/08/20;11:39:00;73533.0000000;73549.0000000;73531.0000000;73533.0000000;1698
SPFB.Si-9.20;1;14/08/20;11:40:00;73536.0000000;73555.0000000;73534.0000000;73548.0000000;3355
SPFB.Si-9.20;1;14/08/20;11:41:00;73550.0000000;73566.0000000;73536.0000000;73543.0000000;2683
SPFB.Si-9.20;1;14/08/20;11:42:00;73541.0000000;73559.0000000;73540.0000000;73554.0000000;933
SPFB.Si-9.20;1;14/08/20;11:43:00;73555.0000000;73557.0000000;73538.0000000;73539.0000000;918
SPFB.Si-9.20;1;14/08/20;11:44:00;73539.0000000;73548.0000000;73524.0000000;73524.0000000;1252
SPFB.Si-9.20;1;14/08/20;11:45:00;73525.0000000;73550.0000000;73525.0000000;73546.0000000;1442
SPFB.Si-9.20;1;14/08/20;11:46:00;73549.0000000;73576.0000000;73549.0000000;73568.0000000;4222
SPFB.Si-9.20;1;14/08/20;11:47:00;73570.0000000;73572.0000000;73557.0000000;73565.0000000;1679
SPFB.Si-9.20;1;14/08/20;11:48:00;73564.0000000;73576.0000000;73560.0000000;73561.0000000;1882
SPFB.Si-9.20;1;14/08/20;11:49:00;73564.0000000;73568.0000000;73542.0000000;73548.0000000;1276
SPFB.Si-9.20;1;14/08/20;11:50:00;73548.0000000;73552.0000000;73526.0000000;73530.0000000;1739
SPFB.Si-9.20;1;14/08/20;11:51:00;73530.0000000;73570.0000000;73530.0000000;73543.0000000;2391
SPFB.Si-9.20;1;14/08/20;11:52:00;73546.0000000;73590.0000000;73540.0000000;73581.0000000;10491
SPFB.Si-9.20;1;14/08/20;11:53:00;73582.0000000;73584.0000000;73569.0000000;73572.0000000;1606
SPFB.Si-9.20;1;14/08/20;11:54:00;73572.0000000;73580.0000000;73566.0000000;73578.0000000;2487
SPFB.Si-9.20;1;14/08/20;11:55:00;73579.0000000;73600.0000000;73578.0000000;73583.0000000;6000
SPFB.Si-9.20;1;14/08/20;11:56:00;73586.0000000;73630.0000000;73583.0000000;73619.0000000;10199
SPFB.Si-9.20;1;14/08/20;11:57:00;73622.0000000;73646.0000000;73618.0000000;73636.0000000;6252
SPFB.Si-9.20;1;14/08/20;11:58:00;73637.0000000;73644.0000000;73620.0000000;73635.0000000;5947
SPFB.Si-9.20;1;14/08/20;11:59:00;73638.0000000;73689.0000000;73632.0000000;73665.0000000;11866
SPFB.Si-9.20;1;14/08/20;12:00:00;73668.0000000;73671.0000000;73640.0000000;73653.0000000;5463
SPFB.Si-9.20;1;14/08/20;12:01:00;73653.0000000;73720.0000000;73653.0000000;73705.0000000;22340
SPFB.Si-9.20;1;14/08/20;12:02:00;73704.0000000;73713.0000000;73697.0000000;73702.0000000;6224
SPFB.Si-9.20;1;14/08/20;12:03:00;73705.0000000;73710.0000000;73681.0000000;73707.0000000;8871
SPFB.Si-9.20;1;14/08/20;12:04:00;73707.0000000;73734.0000000;73691.0000000;73723.0000000;8684
SPFB.Si-9.20;1;14/08/20;12:05:00;73722.0000000;73732.0000000;73685.0000000;73694.0000000;5654
SPFB.Si-9.20;1;14/08/20;12:06:00;73694.0000000;73725.0000000;73680.0000000;73717.0000000;5049
SPFB.Si-9.20;1;14/08/20;12:07:00;73716.0000000;73736.0000000;73704.0000000;73706.0000000;3773
SPFB.Si-9.20;1;14/08/20;12:08:00;73706.0000000;73712.0000000;73670.0000000;73683.0000000;5533
SPFB.Si-9.20;1;14/08/20;12:09:00;73682.0000000;73687.0000000;73656.0000000;73682.0000000;8520
SPFB.Si-9.20;1;14/08/20;12:10:00;73680.0000000;73703.0000000;73672.0000000;73701.0000000;4805
SPFB.Si-9.20;1;14/08/20;12:11:00;73700.0000000;73709.0000000;73691.0000000;73709.0000000;3975
SPFB.Si-9.20;1;14/08/20;12:12:00;73707.0000000;73708.0000000;73668.0000000;73668.0000000;2600
SPFB.Si-9.20;1;14/08/20;12:13:00;73671.0000000;73692.0000000;73639.0000000;73655.0000000;27383
SPFB.Si-9.20;1;14/08/20;12:14:00;73656.0000000;73678.0000000;73655.0000000;73668.0000000;7045
SPFB.Si-9.20;1;14/08/20;12:15:00;73666.0000000;73679.0000000;73652.0000000;73657.0000000;1380
SPFB.Si-9.20;1;14/08/20;12:16:00;73658.0000000;73692.0000000;73646.0000000;73689.0000000;6664
SPFB.Si-9.20;1;14/08/20;12:17:00;73688.0000000;73696.0000000;73674.0000000;73679.0000000;2697
SPFB.Si-9.20;1;14/08/20;12:18:00;73679.0000000;73692.0000000;73649.0000000;73649.0000000;2324
SPFB.Si-9.20;1;14/08/20;12:19:00;73648.0000000;73676.0000000;73645.0000000;73670.0000000;1959
SPFB.Si-9.20;1;14/08/20;12:20:00;73670.0000000;73689.0000000;73658.0000000;73678.0000000;1800
SPFB.Si-9.20;1;14/08/20;12:21:00;73679.0000000;73685.0000000;73668.0000000;73673.0000000;1040
SPFB.Si-9.20;1;14/08/20;12:22:00;73674.0000000;73676.0000000;73645.0000000;73646.0000000;2634
SPFB.Si-9.20;1;14/08/20;12:23:00;73648.0000000;73649.0000000;73611.0000000;73618.0000000;5779
SPFB.Si-9.20;1;14/08/20;12:24:00;73622.0000000;73638.0000000;73614.0000000;73618.0000000;1480
SPFB.Si-9.20;1;14/08/20;12:25:00;73615.0000000;73618.0000000;73582.0000000;73598.0000000;9741
SPFB.Si-9.20;1;14/08/20;12:26:00;73598.0000000;73603.0000000;73571.0000000;73579.0000000;6337
SPFB.Si-9.20;1;14/08/20;12:27:00;73581.0000000;73582.0000000;73549.0000000;73561.0000000;6739
SPFB.Si-9.20;1;14/08/20;12:28:00;73561.0000000;73571.0000000;73536.0000000;73559.0000000;7171
SPFB.Si-9.20;1;14/08/20;12:29:00;73556.0000000;73574.0000000;73551.0000000;73560.0000000;4451
SPFB.Si-9.20;1;14/08/20;12:30:00;73558.0000000;73564.0000000;73507.0000000;73509.0000000;10623
SPFB.Si-9.20;1;14/08/20;12:31:00;73508.0000000;73547.0000000;73508.0000000;73533.0000000;6600
SPFB.Si-9.20;1;14/08/20;12:32:00;73535.0000000;73574.0000000;73525.0000000;73566.0000000;3802
SPFB.Si-9.20;1;14/08/20;12:33:00;73568.0000000;73580.0000000;73554.0000000;73558.0000000;2995
SPFB.Si-9.20;1;14/08/20;12:34:00;73557.0000000;73572.0000000;73541.0000000;73562.0000000;2952
SPFB.Si-9.20;1;14/08/20;12:35:00;73565.0000000;73584.0000000;73561.0000000;73580.0000000;1878
SPFB.Si-9.20;1;14/08/20;12:36:00;73580.0000000;73600.0000000;73580.0000000;73598.0000000;2683
SPFB.Si-9.20;1;14/08/20;12:37:00;73597.0000000;73620.0000000;73595.0000000;73612.0000000;3156
SPFB.Si-9.20;1;14/08/20;12:38:00;73611.0000000;73634.0000000;73594.0000000;73595.0000000;3624
SPFB.Si-9.20;1;14/08/20;12:39:00;73599.0000000;73611.0000000;73594.0000000;73597.0000000;2033
SPFB.Si-9.20;1;14/08/20;12:40:00;73600.0000000;73612.0000000;73598.0000000;73611.0000000;829
SPFB.Si-9.20;1;14/08/20;12:41:00;73611.0000000;73621.0000000;73588.0000000;73595.0000000;2414
SPFB.Si-9.20;1;14/08/20;12:42:00;73596.0000000;73597.0000000;73585.0000000;73591.0000000;1119
SPFB.Si-9.20;1;14/08/20;12:43:00;73590.0000000;73596.0000000;73573.0000000;73579.0000000;2133
SPFB.Si-9.20;1;14/08/20;12:44:00;73579.0000000;73590.0000000;73573.0000000;73588.0000000;2359
SPFB.Si-9.20;1;14/08/20;12:45:00;73587.0000000;73625.0000000;73581.0000000;73620.0000000;5639
SPFB.Si-9.20;1;14/08/20;12:46:00;73620.0000000;73649.0000000;73619.0000000;73628.0000000;6935
SPFB.Si-9.20;1;14/08/20;12:47:00;73630.0000000;73639.0000000;73603.0000000;73615.0000000;3882
SPFB.Si-9.20;1;14/08/20;12:48:00;73614.0000000;73632.0000000;73614.0000000;73630.0000000;1585
SPFB.Si-9.20;1;14/08/20;12:49:00;73632.0000000;73640.0000000;73620.0000000;73633.0000000;1540
SPFB.Si-9.20;1;14/08/20;12:50:00;73635.0000000;73649.0000000;73623.0000000;73642.0000000;2376
SPFB.Si-9.20;1;14/08/20;12:51:00;73639.0000000;73643.0000000;73626.0000000;73628.0000000;1010
SPFB.Si-9.20;1;14/08/20;12:52:00;73628.0000000;73649.0000000;73625.0000000;73649.0000000;1611
SPFB.Si-9.20;1;14/08/20;12:53:00;73648.0000000;73650.0000000;73631.0000000;73648.0000000;2153
SPFB.Si-9.20;1;14/08/20;12:54:00;73644.0000000;73649.0000000;73630.0000000;73636.0000000;1893
SPFB.Si-9.20;1;14/08/20;12:55:00;73638.0000000;73648.0000000;73631.0000000;73631.0000000;1160
SPFB.Si-9.20;1;14/08/20;12:56:00;73633.0000000;73633.0000000;73608.0000000;73616.0000000;5288
SPFB.Si-9.20;1;14/08/20;12:57:00;73613.0000000;73624.0000000;73603.0000000;73606.0000000;3328
SPFB.Si-9.20;1;14/08/20;12:58:00;73609.0000000;73613.0000000;73585.0000000;73592.0000000;4213
SPFB.Si-9.20;1;14/08/20;12:59:00;73590.0000000;73609.0000000;73586.0000000;73605.0000000;6890
SPFB.Si-9.20;1;14/08/20;13:00:00;73606.0000000;73613.0000000;73599.0000000;73608.0000000;8008
SPFB.Si-9.20;1;14/08/20;13:01:00;73606.0000000;73626.0000000;73605.0000000;73613.0000000;2085
SPFB.Si-9.20;1;14/08/20;13:02:00;73614.0000000;73617.0000000;73602.0000000;73606.0000000;1412
SPFB.Si-9.20;1;14/08/20;13:03:00;73604.0000000;73619.0000000;73586.0000000;73612.0000000;6262
SPFB.Si-9.20;1;14/08/20;13:04:00;73612.0000000;73619.0000000;73603.0000000;73612.0000000;1127
SPFB.Si-9.20;1;14/08/20;13:05:00;73611.0000000;73620.0000000;73610.0000000;73616.0000000;913
SPFB.Si-9.20;1;14/08/20;13:06:00;73617.0000000;73624.0000000;73611.0000000;73614.0000000;624
SPFB.Si-9.20;1;14/08/20;13:07:00;73613.0000000;73634.0000000;73613.0000000;73622.0000000;962
SPFB.Si-9.20;1;14/08/20;13:08:00;73620.0000000;73631.0000000;73614.0000000;73617.0000000;1144
SPFB.Si-9.20;1;14/08/20;13:09:00;73615.0000000;73620.0000000;73605.0000000;73613.0000000;959
SPFB.Si-9.20;1;14/08/20;13:10:00;73616.0000000;73635.0000000;73616.0000000;73623.0000000;1042
SPFB.Si-9.20;1;14/08/20;13:11:00;73621.0000000;73634.0000000;73618.0000000;73634.0000000;813
SPFB.Si-9.20;1;14/08/20;13:12:00;73631.0000000;73636.0000000;73612.0000000;73624.0000000;2363
SPFB.Si-9.20;1;14/08/20;13:13:00;73624.0000000;73640.0000000;73616.0000000;73636.0000000;2027
SPFB.Si-9.20;1;14/08/20;13:14:00;73639.0000000;73650.0000000;73634.0000000;73640.0000000;2149
SPFB.Si-9.20;1;14/08/20;13:15:00;73637.0000000;73672.0000000;73637.0000000;73670.0000000;5846
SPFB.Si-9.20;1;14/08/20;13:16:00;73668.0000000;73707.0000000;73657.0000000;73700.0000000;9774
SPFB.Si-9.20;1;14/08/20;13:17:00;73699.0000000;73713.0000000;73689.0000000;73709.0000000;5832
SPFB.Si-9.20;1;14/08/20;13:18:00;73709.0000000;73710.0000000;73686.0000000;73691.0000000;3544
SPFB.Si-9.20;1;14/08/20;13:19:00;73691.0000000;73705.0000000;73685.0000000;73699.0000000;3678
SPFB.Si-9.20;1;14/08/20;13:20:00;73702.0000000;73715.0000000;73698.0000000;73707.0000000;2043
SPFB.Si-9.20;1;14/08/20;13:21:00;73709.0000000;73719.0000000;73707.0000000;73707.0000000;1733
SPFB.Si-9.20;1;14/08/20;13:22:00;73709.0000000;73713.0000000;73698.0000000;73702.0000000;1998
SPFB.Si-9.20;1;14/08/20;13:23:00;73702.0000000;73708.0000000;73692.0000000;73698.0000000;1824
SPFB.Si-9.20;1;14/08/20;13:24:00;73698.0000000;73711.0000000;73685.0000000;73700.0000000;2645
SPFB.Si-9.20;1;14/08/20;13:25:00;73702.0000000;73702.0000000;73686.0000000;73688.0000000;1075
SPFB.Si-9.20;1;14/08/20;13:26:00;73690.0000000;73691.0000000;73675.0000000;73683.0000000;3321
SPFB.Si-9.20;1;14/08/20;13:27:00;73684.0000000;73696.0000000;73680.0000000;73692.0000000;1658
SPFB.Si-9.20;1;14/08/20;13:28:00;73691.0000000;73699.0000000;73677.0000000;73682.0000000;4308
SPFB.Si-9.20;1;14/08/20;13:29:00;73683.0000000;73694.0000000;73679.0000000;73689.0000000;1974
SPFB.Si-9.20;1;14/08/20;13:30:00;73689.0000000;73703.0000000;73682.0000000;73695.0000000;4352
SPFB.Si-9.20;1;14/08/20;13:31:00;73696.0000000;73710.0000000;73691.0000000;73705.0000000;3050
SPFB.Si-9.20;1;14/08/20;13:32:00;73708.0000000;73710.0000000;73680.0000000;73685.0000000;2303
SPFB.Si-9.20;1;14/08/20;13:33:00;73683.0000000;73692.0000000;73674.0000000;73682.0000000;2100
SPFB.Si-9.20;1;14/08/20;13:34:00;73682.0000000;73686.0000000;73650.0000000;73664.0000000;7800
SPFB.Si-9.20;1;14/08/20;13:35:00;73661.0000000;73664.0000000;73637.0000000;73661.0000000;6185
SPFB.Si-9.20;1;14/08/20;13:36:00;73659.0000000;73671.0000000;73648.0000000;73656.0000000;1363
SPFB.Si-9.20;1;14/08/20;13:37:00;73654.0000000;73659.0000000;73643.0000000;73651.0000000;2102
SPFB.Si-9.20;1;14/08/20;13:38:00;73650.0000000;73664.0000000;73645.0000000;73650.0000000;1222
SPFB.Si-9.20;1;14/08/20;13:39:00;73650.0000000;73656.0000000;73644.0000000;73653.0000000;1227
SPFB.Si-9.20;1;14/08/20;13:40:00;73654.0000000;73677.0000000;73651.0000000;73664.0000000;2433
SPFB.Si-9.20;1;14/08/20;13:41:00;73664.0000000;73665.0000000;73628.0000000;73637.0000000;3418
SPFB.Si-9.20;1;14/08/20;13:42:00;73635.0000000;73644.0000000;73624.0000000;73624.0000000;1399
SPFB.Si-9.20;1;14/08/20;13:43:00;73624.0000000;73626.0000000;73601.0000000;73604.0000000;3376
SPFB.Si-9.20;1;14/08/20;13:44:00;73603.0000000;73604.0000000;73593.0000000;73604.0000000;2066
SPFB.Si-9.20;1;14/08/20;13:45:00;73604.0000000;73625.0000000;73604.0000000;73610.0000000;2700
SPFB.Si-9.20;1;14/08/20;13:46:00;73611.0000000;73628.0000000;73608.0000000;73620.0000000;961
SPFB.Si-9.20;1;14/08/20;13:47:00;73623.0000000;73627.0000000;73618.0000000;73620.0000000;627
SPFB.Si-9.20;1;14/08/20;13:48:00;73620.0000000;73627.0000000;73610.0000000;73618.0000000;1523
SPFB.Si-9.20;1;14/08/20;13:49:00;73619.0000000;73626.0000000;73617.0000000;73617.0000000;985
SPFB.Si-9.20;1;14/08/20;13:50:00;73619.0000000;73631.0000000;73614.0000000;73621.0000000;1331
SPFB.Si-9.20;1;14/08/20;13:51:00;73622.0000000;73630.0000000;73613.0000000;73627.0000000;1993
SPFB.Si-9.20;1;14/08/20;13:52:00;73628.0000000;73652.0000000;73619.0000000;73631.0000000;3071
SPFB.Si-9.20;1;14/08/20;13:53:00;73629.0000000;73640.0000000;73615.0000000;73616.0000000;1651
SPFB.Si-9.20;1;14/08/20;13:54:00;73617.0000000;73635.0000000;73616.0000000;73628.0000000;995
SPFB.Si-9.20;1;14/08/20;13:55:00;73626.0000000;73649.0000000;73624.0000000;73646.0000000;2138
SPFB.Si-9.20;1;14/08/20;13:56:00;73649.0000000;73664.0000000;73638.0000000;73655.0000000;3279
SPFB.Si-9.20;1;14/08/20;13:57:00;73656.0000000;73668.0000000;73651.0000000;73662.0000000;791
SPFB.Si-9.20;1;14/08/20;13:58:00;73661.0000000;73666.0000000;73636.0000000;73650.0000000;1837
SPFB.Si-9.20;1;14/08/20;13:59:00;73650.0000000;73658.0000000;73644.0000000;73652.0000000;1413
SPFB.Si-9.20;1;14/08/20;14:00:00;73653.0000000;73660.0000000;73642.0000000;73654.0000000;1370
SPFB.Si-9.20;1;14/08/20;14:01:00;73647.0000000;73647.0000000;73647.0000000;73647.0000000;0
SPFB.Si-9.20;1;14/08/20;14:02:00;73647.0000000;73647.0000000;73647.0000000;73647.0000000;0
SPFB.Si-9.20;1;14/08/20;14:03:00;73647.0000000;73647.0000000;73647.0000000;73647.0000000;0
SPFB.Si-9.20;1;14/08/20;14:04:00;73647.0000000;73647.0000000;73647.0000000;73647.0000000;0
SPFB.Si-9.20;1;14/08/20;14:05:00;73647.0000000;73647.0000000;73647.0000000;73647.0000000;0
SPFB.Si-9.20;1;14/08/20;14:06:00;73649.0000000;73654.0000000;73617.0000000;73647.0000000;6523
SPFB.Si-9.20;1;14/08/20;14:07:00;73645.0000000;73660.0000000;73636.0000000;73660.0000000;4194
SPFB.Si-9.20;1;14/08/20;14:08:00;73659.0000000;73669.0000000;73652.0000000;73657.0000000;1765
SPFB.Si-9.20;1;14/08/20;14:09:00;73660.0000000;73667.0000000;73658.0000000;73663.0000000;1224
SPFB.Si-9.20;1;14/08/20;14:10:00;73664.0000000;73669.0000000;73653.0000000;73662.0000000;809
SPFB.Si-9.20;1;14/08/20;14:11:00;73662.0000000;73663.0000000;73654.0000000;73660.0000000;576
SPFB.Si-9.20;1;14/08/20;14:12:00;73658.0000000;73666.0000000;73651.0000000;73664.0000000;1131
SPFB.Si-9.20;1;14/08/20;14:13:00;73664.0000000;73666.0000000;73653.0000000;73653.0000000;972
SPFB.Si-9.20;1;14/08/20;14:14:00;73653.0000000;73661.0000000;73639.0000000;73652.0000000;1955
SPFB.Si-9.20;1;14/08/20;14:15:00;73656.0000000;73660.0000000;73648.0000000;73653.0000000;517
SPFB.Si-9.20;1;14/08/20;14:16:00;73656.0000000;73671.0000000;73656.0000000;73664.0000000;1864
SPFB.Si-9.20;1;14/08/20;14:17:00;73664.0000000;73665.0000000;73653.0000000;73655.0000000;741
SPFB.Si-9.20;1;14/08/20;14:18:00;73657.0000000;73670.0000000;73645.0000000;73668.0000000;1587
SPFB.Si-9.20;1;14/08/20;14:19:00;73668.0000000;73698.0000000;73667.0000000;73697.0000000;2718
SPFB.Si-9.20;1;14/08/20;14:20:00;73694.0000000;73699.0000000;73662.0000000;73667.0000000;10962
SPFB.Si-9.20;1;14/08/20;14:21:00;73667.0000000;73675.0000000;73665.0000000;73673.0000000;1366
SPFB.Si-9.20;1;14/08/20;14:22:00;73673.0000000;73678.0000000;73668.0000000;73677.0000000;836
SPFB.Si-9.20;1;14/08/20;14:23:00;73677.0000000;73683.0000000;73673.0000000;73677.0000000;812
SPFB.Si-9.20;1;14/08/20;14:24:00;73677.0000000;73685.0000000;73651.0000000;73656.0000000;3272
SPFB.Si-9.20;1;14/08/20;14:25:00;73654.0000000;73665.0000000;73635.0000000;73642.0000000;8323
SPFB.Si-9.20;1;14/08/20;14:26:00;73642.0000000;73646.0000000;73623.0000000;73632.0000000;11383
SPFB.Si-9.20;1;14/08/20;14:27:00;73631.0000000;73654.0000000;73625.0000000;73649.0000000;9816
SPFB.Si-9.20;1;14/08/20;14:28:00;73649.0000000;73653.0000000;73631.0000000;73634.0000000;1871
SPFB.Si-9.20;1;14/08/20;14:29:00;73631.0000000;73637.0000000;73619.0000000;73620.0000000;2230
SPFB.Si-9.20;1;14/08/20;14:30:00;73621.0000000;73622.0000000;73606.0000000;73611.0000000;3073
SPFB.Si-9.20;1;14/08/20;14:31:00;73609.0000000;73626.0000000;73606.0000000;73622.0000000;1891
SPFB.Si-9.20;1;14/08/20;14:32:00;73622.0000000;73626.0000000;73616.0000000;73623.0000000;1378
SPFB.Si-9.20;1;14/08/20;14:33:00;73624.0000000;73646.0000000;73620.0000000;73634.0000000;2063
SPFB.Si-9.20;1;14/08/20;14:34:00;73633.0000000;73637.0000000;73625.0000000;73625.0000000;551
SPFB.Si-9.20;1;14/08/20;14:35:00;73625.0000000;73627.0000000;73601.0000000;73611.0000000;2550
SPFB.Si-9.20;1;14/08/20;14:36:00;73613.0000000;73618.0000000;73571.0000000;73580.0000000;8025
SPFB.Si-9.20;1;14/08/20;14:37:00;73582.0000000;73591.0000000;73576.0000000;73580.0000000;3938
SPFB.Si-9.20;1;14/08/20;14:38:00;73576.0000000;73585.0000000;73571.0000000;73578.0000000;2511
SPFB.Si-9.20;1;14/08/20;14:39:00;73577.0000000;73577.0000000;73558.0000000;73563.0000000;2333
SPFB.Si-9.20;1;14/08/20;14:40:00;73561.0000000;73563.0000000;73536.0000000;73537.0000000;5469
SPFB.Si-9.20;1;14/08/20;14:41:00;73537.0000000;73545.0000000;73533.0000000;73543.0000000;4961
SPFB.Si-9.20;1;14/08/20;14:42:00;73543.0000000;73556.0000000;73537.0000000;73543.0000000;2900
SPFB.Si-9.20;1;14/08/20;14:43:00;73543.0000000;73553.0000000;73534.0000000;73538.0000000;4181
SPFB.Si-9.20;1;14/08/20;14:44:00;73539.0000000;73552.0000000;73533.0000000;73539.0000000;3823
SPFB.Si-9.20;1;14/08/20;14:45:00;73540.0000000;73543.0000000;73519.0000000;73525.0000000;4869
SPFB.Si-9.20;1;14/08/20;14:46:00;73522.0000000;73527.0000000;73511.0000000;73518.0000000;2893
SPFB.Si-9.20;1;14/08/20;14:47:00;73518.0000000;73525.0000000;73515.0000000;73520.0000000;1496
SPFB.Si-9.20;1;14/08/20;14:48:00;73522.0000000;73541.0000000;73519.0000000;73530.0000000;3635
SPFB.Si-9.20;1;14/08/20;14:49:00;73532.0000000;73538.0000000;73512.0000000;73524.0000000;1766
SPFB.Si-9.20;1;14/08/20;14:50:00;73523.0000000;73537.0000000;73522.0000000;73530.0000000;1122
SPFB.Si-9.20;1;14/08/20;14:51:00;73530.0000000;73535.0000000;73522.0000000;73532.0000000;1085
SPFB.Si-9.20;1;14/08/20;14:52:00;73534.0000000;73542.0000000;73510.0000000;73526.0000000;2967
SPFB.Si-9.20;1;14/08/20;14:53:00;73528.0000000;73530.0000000;73521.0000000;73524.0000000;585
SPFB.Si-9.20;1;14/08/20;14:54:00;73523.0000000;73556.0000000;73523.0000000;73555.0000000;2986
SPFB.Si-9.20;1;14/08/20;14:55:00;73555.0000000;73557.0000000;73532.0000000;73537.0000000;3088
SPFB.Si-9.20;1;14/08/20;14:56:00;73534.0000000;73539.0000000;73501.0000000;73502.0000000;4060
SPFB.Si-9.20;1;14/08/20;14:57:00;73502.0000000;73520.0000000;73501.0000000;73517.0000000;2136
SPFB.Si-9.20;1;14/08/20;14:58:00;73517.0000000;73526.0000000;73513.0000000;73524.0000000;2518
SPFB.Si-9.20;1;14/08/20;14:59:00;73524.0000000;73536.0000000;73510.0000000;73523.0000000;3188
SPFB.Si-9.20;1;14/08/20;15:00:00;73523.0000000;73532.0000000;73515.0000000;73520.0000000;2338
SPFB.Si-9.20;1;14/08/20;15:01:00;73519.0000000;73537.0000000;73512.0000000;73528.0000000;4050
SPFB.Si-9.20;1;14/08/20;15:02:00;73525.0000000;73544.0000000;73515.0000000;73533.0000000;1990
SPFB.Si-9.20;1;14/08/20;15:03:00;73534.0000000;73544.0000000;73503.0000000;73509.0000000;3211
SPFB.Si-9.20;1;14/08/20;15:04:00;73509.0000000;73524.0000000;73503.0000000;73510.0000000;1243
SPFB.Si-9.20;1;14/08/20;15:05:00;73510.0000000;73519.0000000;73501.0000000;73519.0000000;1449
SPFB.Si-9.20;1;14/08/20;15:06:00;73519.0000000;73519.0000000;73486.0000000;73504.0000000;4868
SPFB.Si-9.20;1;14/08/20;15:07:00;73501.0000000;73516.0000000;73492.0000000;73495.0000000;1495
SPFB.Si-9.20;1;14/08/20;15:08:00;73495.0000000;73520.0000000;73487.0000000;73516.0000000;3515
SPFB.Si-9.20;1;14/08/20;15:09:00;73519.0000000;73526.0000000;73510.0000000;73517.0000000;2025
SPFB.Si-9.20;1;14/08/20;15:10:00;73517.0000000;73538.0000000;73514.0000000;73528.0000000;2344
SPFB.Si-9.20;1;14/08/20;15:11:00;73526.0000000;73538.0000000;73520.0000000;73526.0000000;2565
SPFB.Si-9.20;1;14/08/20;15:12:00;73527.0000000;73533.0000000;73523.0000000;73529.0000000;664
SPFB.Si-9.20;1;14/08/20;15:13:00;73529.0000000;73534.0000000;73520.0000000;73532.0000000;1678
SPFB.Si-9.20;1;14/08/20;15:14:00;73530.0000000;73537.0000000;73522.0000000;73532.0000000;896
SPFB.Si-9.20;1;14/08/20;15:15:00;73534.0000000;73550.0000000;73525.0000000;73544.0000000;2611
SPFB.Si-9.20;1;14/08/20;15:16:00;73543.0000000;73547.0000000;73526.0000000;73535.0000000;1552
SPFB.Si-9.20;1;14/08/20;15:17:00;73533.0000000;73554.0000000;73528.0000000;73534.0000000;3322
SPFB.Si-9.20;1;14/08/20;15:18:00;73534.0000000;73545.0000000;73533.0000000;73543.0000000;1015
SPFB.Si-9.20;1;14/08/20;15:19:00;73542.0000000;73544.0000000;73526.0000000;73542.0000000;1848
SPFB.Si-9.20;1;14/08/20;15:20:00;73541.0000000;73549.0000000;73537.0000000;73548.0000000;1136
SPFB.Si-9.20;1;14/08/20;15:21:00;73548.0000000;73552.0000000;73533.0000000;73533.0000000;3656
SPFB.Si-9.20;1;14/08/20;15:22:00;73533.0000000;73542.0000000;73529.0000000;73532.0000000;1480
SPFB.Si-9.20;1;14/08/20;15:23:00;73532.0000000;73538.0000000;73517.0000000;73525.0000000;1042
SPFB.Si-9.20;1;14/08/20;15:24:00;73525.0000000;73537.0000000;73523.0000000;73530.0000000;743
SPFB.Si-9.20;1;14/08/20;15:25:00;73530.0000000;73538.0000000;73517.0000000;73519.0000000;1677
SPFB.Si-9.20;1;14/08/20;15:26:00;73519.0000000;73537.0000000;73508.0000000;73519.0000000;2182
SPFB.Si-9.20;1;14/08/20;15:27:00;73520.0000000;73523.0000000;73502.0000000;73514.0000000;1934
SPFB.Si-9.20;1;14/08/20;15:28:00;73515.0000000;73526.0000000;73508.0000000;73517.0000000;2931
SPFB.Si-9.20;1;14/08/20;15:29:00;73515.0000000;73530.0000000;73514.0000000;73526.0000000;1079
SPFB.Si-9.20;1;14/08/20;15:30:00;73524.0000000;73530.0000000;73492.0000000;73498.0000000;8424
SPFB.Si-9.20;1;14/08/20;15:31:00;73496.0000000;73503.0000000;73465.0000000;73485.0000000;7470
SPFB.Si-9.20;1;14/08/20;15:32:00;73485.0000000;73485.0000000;73464.0000000;73470.0000000;1166
SPFB.Si-9.20;1;14/08/20;15:33:00;73471.0000000;73474.0000000;73440.0000000;73447.0000000;7078
SPFB.Si-9.20;1;14/08/20;15:34:00;73450.0000000;73453.0000000;73427.0000000;73437.0000000;4400
SPFB.Si-9.20;1;14/08/20;15:35:00;73434.0000000;73449.0000000;73433.0000000;73442.0000000;1614
SPFB.Si-9.20;1;14/08/20;15:36:00;73440.0000000;73440.0000000;73403.0000000;73411.0000000;8088
SPFB.Si-9.20;1;14/08/20;15:37:00;73411.0000000;73441.0000000;73408.0000000;73432.0000000;4300
SPFB.Si-9.20;1;14/08/20;15:38:00;73432.0000000;73449.0000000;73421.0000000;73447.0000000;1597
SPFB.Si-9.20;1;14/08/20;15:39:00;73447.0000000;73459.0000000;73442.0000000;73455.0000000;3305
SPFB.Si-9.20;1;14/08/20;15:40:00;73455.0000000;73466.0000000;73441.0000000;73448.0000000;2343
SPFB.Si-9.20;1;14/08/20;15:41:00;73450.0000000;73452.0000000;73421.0000000;73446.0000000;3614
SPFB.Si-9.20;1;14/08/20;15:42:00;73446.0000000;73453.0000000;73420.0000000;73443.0000000;2844
SPFB.Si-9.20;1;14/08/20;15:43:00;73443.0000000;73470.0000000;73442.0000000;73462.0000000;4018
SPFB.Si-9.20;1;14/08/20;15:44:00;73464.0000000;73470.0000000;73446.0000000;73464.0000000;4125
SPFB.Si-9.20;1;14/08/20;15:45:00;73462.0000000;73464.0000000;73450.0000000;73463.0000000;1782
SPFB.Si-9.20;1;14/08/20;15:46:00;73458.0000000;73473.0000000;73452.0000000;73461.0000000;3819
SPFB.Si-9.20;1;14/08/20;15:47:00;73460.0000000;73469.0000000;73443.0000000;73460.0000000;1749
SPFB.Si-9.20;1;14/08/20;15:48:00;73458.0000000;73458.0000000;73440.0000000;73442.0000000;1023
SPFB.Si-9.20;1;14/08/20;15:49:00;73441.0000000;73482.0000000;73433.0000000;73473.0000000;3261
SPFB.Si-9.20;1;14/08/20;15:50:00;73473.0000000;73480.0000000;73457.0000000;73461.0000000;5013
SPFB.Si-9.20;1;14/08/20;15:51:00;73461.0000000;73469.0000000;73444.0000000;73463.0000000;1630
SPFB.Si-9.20;1;14/08/20;15:52:00;73462.0000000;73463.0000000;73435.0000000;73441.0000000;1280
SPFB.Si-9.20;1;14/08/20;15:53:00;73443.0000000;73460.0000000;73442.0000000;73448.0000000;3207
SPFB.Si-9.20;1;14/08/20;15:54:00;73446.0000000;73456.0000000;73426.0000000;73432.0000000;2142
SPFB.Si-9.20;1;14/08/20;15:55:00;73430.0000000;73463.0000000;73426.0000000;73463.0000000;2541
SPFB.Si-9.20;1;14/08/20;15:56:00;73458.0000000;73465.0000000;73448.0000000;73448.0000000;1082
SPFB.Si-9.20;1;14/08/20;15:57:00;73448.0000000;73455.0000000;73442.0000000;73452.0000000;1056
SPFB.Si-9.20;1;14/08/20;15:58:00;73453.0000000;73464.0000000;73448.0000000;73463.0000000;912
SPFB.Si-9.20;1;14/08/20;15:59:00;73460.0000000;73475.0000000;73446.0000000;73454.0000000;4376
SPFB.Si-9.20;1;14/08/20;16:00:00;73453.0000000;73475.0000000;73449.0000000;73456.0000000;1693
SPFB.Si-9.20;1;14/08/20;16:01:00;73455.0000000;73462.0000000;73439.0000000;73452.0000000;3582
SPFB.Si-9.20;1;14/08/20;16:02:00;73454.0000000;73458.0000000;73433.0000000;73436.0000000;1748
SPFB.Si-9.20;1;14/08/20;16:03:00;73436.0000000;73466.0000000;73428.0000000;73462.0000000;3013
SPFB.Si-9.20;1;14/08/20;16:04:00;73460.0000000;73465.0000000;73454.0000000;73464.0000000;1063
SPFB.Si-9.20;1;14/08/20;16:05:00;73461.0000000;73477.0000000;73460.0000000;73467.0000000;3421
SPFB.Si-9.20;1;14/08/20;16:06:00;73467.0000000;73476.0000000;73445.0000000;73445.0000000;2538
SPFB.Si-9.20;1;14/08/20;16:07:00;73446.0000000;73456.0000000;73420.0000000;73421.0000000;2370
SPFB.Si-9.20;1;14/08/20;16:08:00;73422.0000000;73427.0000000;73374.0000000;73377.0000000;8444
SPFB.Si-9.20;1;14/08/20;16:09:00;73377.0000000;73396.0000000;73376.0000000;73381.0000000;3710
SPFB.Si-9.20;1;14/08/20;16:10:00;73382.0000000;73382.0000000;73359.0000000;73375.0000000;2798
SPFB.Si-9.20;1;14/08/20;16:11:00;73375.0000000;73375.0000000;73335.0000000;73364.0000000;6404
SPFB.Si-9.20;1;14/08/20;16:12:00;73365.0000000;73384.0000000;73362.0000000;73381.0000000;2539
SPFB.Si-9.20;1;14/08/20;16:13:00;73381.0000000;73382.0000000;73370.0000000;73377.0000000;1973
SPFB.Si-9.20;1;14/08/20;16:14:00;73377.0000000;73398.0000000;73373.0000000;73389.0000000;2582
SPFB.Si-9.20;1;14/08/20;16:15:00;73385.0000000;73395.0000000;73372.0000000;73392.0000000;1871
SPFB.Si-9.20;1;14/08/20;16:16:00;73390.0000000;73395.0000000;73358.0000000;73391.0000000;5073
SPFB.Si-9.20;1;14/08/20;16:17:00;73392.0000000;73418.0000000;73389.0000000;73414.0000000;3886
SPFB.Si-9.20;1;14/08/20;16:18:00;73411.0000000;73420.0000000;73403.0000000;73415.0000000;1295
SPFB.Si-9.20;1;14/08/20;16:19:00;73415.0000000;73426.0000000;73407.0000000;73415.0000000;1993
SPFB.Si-9.20;1;14/08/20;16:20:00;73416.0000000;73423.0000000;73405.0000000;73411.0000000;1195
SPFB.Si-9.20;1;14/08/20;16:21:00;73408.0000000;73412.0000000;73398.0000000;73405.0000000;1874
SPFB.Si-9.20;1;14/08/20;16:22:00;73402.0000000;73407.0000000;73386.0000000;73396.0000000;1370
SPFB.Si-9.20;1;14/08/20;16:23:00;73397.0000000;73424.0000000;73397.0000000;73418.0000000;1660
SPFB.Si-9.20;1;14/08/20;16:24:00;73416.0000000;73420.0000000;73395.0000000;73405.0000000;1591
SPFB.Si-9.20;1;14/08/20;16:25:00;73406.0000000;73414.0000000;73387.0000000;73389.0000000;2496
SPFB.Si-9.20;1;14/08/20;16:26:00;73391.0000000;73423.0000000;73388.0000000;73420.0000000;1504
SPFB.Si-9.20;1;14/08/20;16:27:00;73417.0000000;73426.0000000;73397.0000000;73401.0000000;1168
SPFB.Si-9.20;1;14/08/20;16:28:00;73402.0000000;73420.0000000;73398.0000000;73418.0000000;795
SPFB.Si-9.20;1;14/08/20;16:29:00;73414.0000000;73427.0000000;73410.0000000;73416.0000000;1556
SPFB.Si-9.20;1;14/08/20;16:30:00;73415.0000000;73415.0000000;73391.0000000;73397.0000000;1117
SPFB.Si-9.20;1;14/08/20;16:31:00;73396.0000000;73414.0000000;73383.0000000;73385.0000000;2355
SPFB.Si-9.20;1;14/08/20;16:32:00;73384.0000000;73402.0000000;73356.0000000;73397.0000000;4057
SPFB.Si-9.20;1;14/08/20;16:33:00;73398.0000000;73398.0000000;73333.0000000;73333.0000000;7473
SPFB.Si-9.20;1;14/08/20;16:34:00;73333.0000000;73360.0000000;73329.0000000;73344.0000000;10107
SPFB.Si-9.20;1;14/08/20;16:35:00;73342.0000000;73347.0000000;73310.0000000;73328.0000000;5109
SPFB.Si-9.20;1;14/08/20;16:36:00;73328.0000000;73329.0000000;73305.0000000;73312.0000000;2626
SPFB.Si-9.20;1;14/08/20;16:37:00;73312.0000000;73336.0000000;73306.0000000;73324.0000000;3066
SPFB.Si-9.20;1;14/08/20;16:38:00;73325.0000000;73330.0000000;73300.0000000;73321.0000000;2854
SPFB.Si-9.20;1;14/08/20;16:39:00;73319.0000000;73333.0000000;73317.0000000;73326.0000000;1552
SPFB.Si-9.20;1;14/08/20;16:40:00;73327.0000000;73334.0000000;73303.0000000;73322.0000000;2624
SPFB.Si-9.20;1;14/08/20;16:41:00;73322.0000000;73329.0000000;73311.0000000;73314.0000000;1325
SPFB.Si-9.20;1;14/08/20;16:42:00;73315.0000000;73331.0000000;73315.0000000;73329.0000000;981
SPFB.Si-9.20;1;14/08/20;16:43:00;73329.0000000;73330.0000000;73309.0000000;73324.0000000;2000
SPFB.Si-9.20;1;14/08/20;16:44:00;73323.0000000;73330.0000000;73307.0000000;73307.0000000;1632
SPFB.Si-9.20;1;14/08/20;16:45:00;73309.0000000;73318.0000000;73294.0000000;73317.0000000;4230
SPFB.Si-9.20;1;14/08/20;16:46:00;73313.0000000;73321.0000000;73257.0000000;73261.0000000;7416
SPFB.Si-9.20;1;14/08/20;16:47:00;73261.0000000;73288.0000000;73254.0000000;73278.0000000;30525
SPFB.Si-9.20;1;14/08/20;16:48:00;73281.0000000;73306.0000000;73261.0000000;73301.0000000;5063
SPFB.Si-9.20;1;14/08/20;16:49:00;73305.0000000;73315.0000000;73291.0000000;73304.0000000;5641
SPFB.Si-9.20;1;14/08/20;16:50:00;73300.0000000;73336.0000000;73299.0000000;73319.0000000;8815
SPFB.Si-9.20;1;14/08/20;16:51:00;73319.0000000;73320.0000000;73298.0000000;73319.0000000;3440
SPFB.Si-9.20;1;14/08/20;16:52:00;73319.0000000;73319.0000000;73287.0000000;73307.0000000;2016
SPFB.Si-9.20;1;14/08/20;16:53:00;73304.0000000;73305.0000000;73283.0000000;73299.0000000;1530
SPFB.Si-9.20;1;14/08/20;16:54:00;73296.0000000;73303.0000000;73277.0000000;73295.0000000;2010
SPFB.Si-9.20;1;14/08/20;16:55:00;73294.0000000;73303.0000000;73257.0000000;73260.0000000;3062
SPFB.Si-9.20;1;14/08/20;16:56:00;73261.0000000;73284.0000000;73254.0000000;73273.0000000;2297
SPFB.Si-9.20;1;14/08/20;16:57:00;73273.0000000;73275.0000000;73260.0000000;73267.0000000;3143
SPFB.Si-9.20;1;14/08/20;16:58:00;73266.0000000;73269.0000000;73235.0000000;73242.0000000;7724
SPFB.Si-9.20;1;14/08/20;16:59:00;73243.0000000;73244.0000000;73217.0000000;73230.0000000;9267
SPFB.Si-9.20;1;14/08/20;17:00:00;73228.0000000;73254.0000000;73220.0000000;73242.0000000;5829
SPFB.Si-9.20;1;14/08/20;17:01:00;73244.0000000;73251.0000000;73221.0000000;73243.0000000;5840
SPFB.Si-9.20;1;14/08/20;17:02:00;73241.0000000;73256.0000000;73235.0000000;73244.0000000;5323
SPFB.Si-9.20;1;14/08/20;17:03:00;73243.0000000;73256.0000000;73234.0000000;73239.0000000;7773
SPFB.Si-9.20;1;14/08/20;17:04:00;73242.0000000;73266.0000000;73230.0000000;73260.0000000;6038
SPFB.Si-9.20;1;14/08/20;17:05:00;73260.0000000;73269.0000000;73252.0000000;73266.0000000;2700
SPFB.Si-9.20;1;14/08/20;17:06:00;73264.0000000;73268.0000000;73246.0000000;73257.0000000;1695
SPFB.Si-9.20;1;14/08/20;17:07:00;73255.0000000;73272.0000000;73241.0000000;73260.0000000;2736
SPFB.Si-9.20;1;14/08/20;17:08:00;73260.0000000;73270.0000000;73246.0000000;73265.0000000;2635
SPFB.Si-9.20;1;14/08/20;17:09:00;73266.0000000;73279.0000000;73256.0000000;73258.0000000;1577
SPFB.Si-9.20;1;14/08/20;17:10:00;73259.0000000;73279.0000000;73252.0000000;73257.0000000;7891
SPFB.Si-9.20;1;14/08/20;17:11:00;73254.0000000;73270.0000000;73248.0000000;73265.0000000;2422
SPFB.Si-9.20;1;14/08/20;17:12:00;73262.0000000;73271.0000000;73253.0000000;73262.0000000;1373
SPFB.Si-9.20;1;14/08/20;17:13:00;73258.0000000;73281.0000000;73253.0000000;73275.0000000;2583
SPFB.Si-9.20;1;14/08/20;17:14:00;73276.0000000;73315.0000000;73269.0000000;73308.0000000;5936
SPFB.Si-9.20;1;14/08/20;17:15:00;73309.0000000;73320.0000000;73304.0000000;73313.0000000;4317
SPFB.Si-9.20;1;14/08/20;17:16:00;73312.0000000;73327.0000000;73304.0000000;73311.0000000;3758
SPFB.Si-9.20;1;14/08/20;17:17:00;73308.0000000;73312.0000000;73286.0000000;73310.0000000;2689
SPFB.Si-9.20;1;14/08/20;17:18:00;73310.0000000;73331.0000000;73300.0000000;73302.0000000;3917
SPFB.Si-9.20;1;14/08/20;17:19:00;73302.0000000;73302.0000000;73282.0000000;73289.0000000;1810
SPFB.Si-9.20;1;14/08/20;17:20:00;73288.0000000;73305.0000000;73280.0000000;73290.0000000;1352
SPFB.Si-9.20;1;14/08/20;17:21:00;73289.0000000;73289.0000000;73270.0000000;73284.0000000;1409
SPFB.Si-9.20;1;14/08/20;17:22:00;73282.0000000;73290.0000000;73260.0000000;73279.0000000;1172
SPFB.Si-9.20;1;14/08/20;17:23:00;73281.0000000;73284.0000000;73261.0000000;73270.0000000;1137
SPFB.Si-9.20;1;14/08/20;17:24:00;73270.0000000;73271.0000000;73241.0000000;73248.0000000;2973
SPFB.Si-9.20;1;14/08/20;17:25:00;73246.0000000;73258.0000000;73241.0000000;73246.0000000;3118
SPFB.Si-9.20;1;14/08/20;17:26:00;73245.0000000;73246.0000000;73226.0000000;73235.0000000;3391
SPFB.Si-9.20;1;14/08/20;17:27:00;73238.0000000;73238.0000000;73225.0000000;73238.0000000;2238
SPFB.Si-9.20;1;14/08/20;17:28:00;73238.0000000;73248.0000000;73228.0000000;73240.0000000;1842
SPFB.Si-9.20;1;14/08/20;17:29:00;73237.0000000;73259.0000000;73236.0000000;73242.0000000;2141
SPFB.Si-9.20;1;14/08/20;17:30:00;73240.0000000;73259.0000000;73240.0000000;73247.0000000;1610
SPFB.Si-9.20;1;14/08/20;17:31:00;73245.0000000;73248.0000000;73219.0000000;73230.0000000;3079
SPFB.Si-9.20;1;14/08/20;17:32:00;73228.0000000;73229.0000000;73201.0000000;73212.0000000;6478
SPFB.Si-9.20;1;14/08/20;17:33:00;73214.0000000;73230.0000000;73201.0000000;73230.0000000;3291
SPFB.Si-9.20;1;14/08/20;17:34:00;73228.0000000;73236.0000000;73210.0000000;73235.0000000;5300
SPFB.Si-9.20;1;14/08/20;17:35:00;73234.0000000;73235.0000000;73201.0000000;73212.0000000;2765
SPFB.Si-9.20;1;14/08/20;17:36:00;73210.0000000;73211.0000000;73201.0000000;73210.0000000;2277
SPFB.Si-9.20;1;14/08/20;17:37:00;73206.0000000;73219.0000000;73204.0000000;73218.0000000;1590
SPFB.Si-9.20;1;14/08/20;17:38:00;73219.0000000;73226.0000000;73216.0000000;73221.0000000;1489
SPFB.Si-9.20;1;14/08/20;17:39:00;73220.0000000;73235.0000000;73218.0000000;73224.0000000;1566
SPFB.Si-9.20;1;14/08/20;17:40:00;73225.0000000;73228.0000000;73202.0000000;73209.0000000;1953
SPFB.Si-9.20;1;14/08/20;17:41:00;73210.0000000;73212.0000000;73200.0000000;73201.0000000;3237
SPFB.Si-9.20;1;14/08/20;17:42:00;73201.0000000;73206.0000000;73186.0000000;73194.0000000;5637
SPFB.Si-9.20;1;14/08/20;17:43:00;73195.0000000;73197.0000000;73180.0000000;73181.0000000;4200
SPFB.Si-9.20;1;14/08/20;17:44:00;73181.0000000;73182.0000000;73133.0000000;73143.0000000;28743
SPFB.Si-9.20;1;14/08/20;17:45:00;73144.0000000;73153.0000000;73118.0000000;73124.0000000;19059
SPFB.Si-9.20;1;14/08/20;17:46:00;73126.0000000;73134.0000000;73100.0000000;73133.0000000;14872
SPFB.Si-9.20;1;14/08/20;17:47:00;73132.0000000;73144.0000000;73111.0000000;73111.0000000;5071
SPFB.Si-9.20;1;14/08/20;17:48:00;73111.0000000;73127.0000000;73100.0000000;73120.0000000;4089
SPFB.Si-9.20;1;14/08/20;17:49:00;73120.0000000;73121.0000000;73105.0000000;73118.0000000;2675
SPFB.Si-9.20;1;14/08/20;17:50:00;73118.0000000;73139.0000000;73113.0000000;73132.0000000;2884
SPFB.Si-9.20;1;14/08/20;17:51:00;73129.0000000;73133.0000000;73105.0000000;73116.0000000;5804
SPFB.Si-9.20;1;14/08/20;17:52:00;73116.0000000;73118.0000000;73101.0000000;73110.0000000;1453
SPFB.Si-9.20;1;14/08/20;17:53:00;73112.0000000;73127.0000000;73103.0000000;73127.0000000;2879
SPFB.Si-9.20;1;14/08/20;17:54:00;73126.0000000;73127.0000000;73105.0000000;73125.0000000;1216
SPFB.Si-9.20;1;14/08/20;17:55:00;73126.0000000;73127.0000000;73116.0000000;73127.0000000;1414
SPFB.Si-9.20;1;14/08/20;17:56:00;73128.0000000;73156.0000000;73121.0000000;73154.0000000;5064
SPFB.Si-9.20;1;14/08/20;17:57:00;73154.0000000;73169.0000000;73139.0000000;73151.0000000;5021
SPFB.Si-9.20;1;14/08/20;17:58:00;73151.0000000;73154.0000000;73130.0000000;73136.0000000;4195
SPFB.Si-9.20;1;14/08/20;17:59:00;73135.0000000;73146.0000000;73126.0000000;73139.0000000;4409
SPFB.Si-9.20;1;14/08/20;18:00:00;73140.0000000;73155.0000000;73132.0000000;73141.0000000;5610
SPFB.Si-9.20;1;14/08/20;18:01:00;73140.0000000;73146.0000000;73131.0000000;73143.0000000;5940
SPFB.Si-9.20;1;14/08/20;18:02:00;73142.0000000;73151.0000000;73134.0000000;73145.0000000;3426
SPFB.Si-9.20;1;14/08/20;18:03:00;73142.0000000;73142.0000000;73110.0000000;73123.0000000;4070
SPFB.Si-9.20;1;14/08/20;18:04:00;73123.0000000;73151.0000000;73119.0000000;73145.0000000;3358
SPFB.Si-9.20;1;14/08/20;18:05:00;73144.0000000;73147.0000000;73128.0000000;73133.0000000;2637
SPFB.Si-9.20;1;14/08/20;18:06:00;73132.0000000;73140.0000000;73119.0000000;73120.0000000;2726
SPFB.Si-9.20;1;14/08/20;18:07:00;73120.0000000;73123.0000000;73104.0000000;73116.0000000;4740
SPFB.Si-9.20;1;14/08/20;18:08:00;73116.0000000;73117.0000000;73092.0000000;73106.0000000;9394
SPFB.Si-9.20;1;14/08/20;18:09:00;73106.0000000;73114.0000000;73095.0000000;73111.0000000;3773
SPFB.Si-9.20;1;14/08/20;18:10:00;73110.0000000;73136.0000000;73106.0000000;73130.0000000;2527
SPFB.Si-9.20;1;14/08/20;18:11:00;73127.0000000;73128.0000000;73117.0000000;73122.0000000;2006
SPFB.Si-9.20;1;14/08/20;18:12:00;73122.0000000;73139.0000000;73117.0000000;73133.0000000;2323
SPFB.Si-9.20;1;14/08/20;18:13:00;73132.0000000;73145.0000000;73125.0000000;73139.0000000;2248
SPFB.Si-9.20;1;14/08/20;18:14:00;73137.0000000;73153.0000000;73131.0000000;73143.0000000;2854
SPFB.Si-9.20;1;14/08/20;18:15:00;73143.0000000;73145.0000000;73125.0000000;73136.0000000;3189
SPFB.Si-9.20;1;14/08/20;18:16:00;73134.0000000;73141.0000000;73120.0000000;73123.0000000;1362
SPFB.Si-9.20;1;14/08/20;18:17:00;73127.0000000;73137.0000000;73118.0000000;73128.0000000;1090
SPFB.Si-9.20;1;14/08/20;18:18:00;73130.0000000;73141.0000000;73119.0000000;73137.0000000;2002
SPFB.Si-9.20;1;14/08/20;18:19:00;73136.0000000;73143.0000000;73127.0000000;73128.0000000;1392
SPFB.Si-9.20;1;14/08/20;18:20:00;73127.0000000;73134.0000000;73125.0000000;73131.0000000;780
SPFB.Si-9.20;1;14/08/20;18:21:00;73131.0000000;73136.0000000;73114.0000000;73119.0000000;2505
SPFB.Si-9.20;1;14/08/20;18:22:00;73119.0000000;73125.0000000;73110.0000000;73110.0000000;2250
SPFB.Si-9.20;1;14/08/20;18:23:00;73110.0000000;73121.0000000;73102.0000000;73116.0000000;1973
SPFB.Si-9.20;1;14/08/20;18:24:00;73118.0000000;73139.0000000;73113.0000000;73136.0000000;2965
SPFB.Si-9.20;1;14/08/20;18:25:00;73136.0000000;73140.0000000;73111.0000000;73125.0000000;1441
SPFB.Si-9.20;1;14/08/20;18:26:00;73128.0000000;73144.0000000;73120.0000000;73131.0000000;3492
SPFB.Si-9.20;1;14/08/20;18:27:00;73134.0000000;73137.0000000;73123.0000000;73129.0000000;1411
SPFB.Si-9.20;1;14/08/20;18:28:00;73128.0000000;73134.0000000;73118.0000000;73125.0000000;1488
SPFB.Si-9.20;1;14/08/20;18:29:00;73127.0000000;73128.0000000;73118.0000000;73124.0000000;758
SPFB.Si-9.20;1;14/08/20;18:30:00;73123.0000000;73129.0000000;73121.0000000;73123.0000000;875
SPFB.Si-9.20;1;14/08/20;18:31:00;73123.0000000;73130.0000000;73113.0000000;73121.0000000;2462
SPFB.Si-9.20;1;14/08/20;18:32:00;73119.0000000;73127.0000000;73118.0000000;73124.0000000;761
SPFB.Si-9.20;1;14/08/20;18:33:00;73124.0000000;73129.0000000;73108.0000000;73129.0000000;2446
SPFB.Si-9.20;1;14/08/20;18:34:00;73129.0000000;73150.0000000;73122.0000000;73142.0000000;9786
SPFB.Si-9.20;1;14/08/20;18:35:00;73141.0000000;73149.0000000;73128.0000000;73144.0000000;4014
SPFB.Si-9.20;1;14/08/20;18:36:00;73148.0000000;73155.0000000;73140.0000000;73149.0000000;3934
SPFB.Si-9.20;1;14/08/20;18:37:00;73149.0000000;73152.0000000;73130.0000000;73131.0000000;2687
SPFB.Si-9.20;1;14/08/20;18:38:00;73131.0000000;73138.0000000;73124.0000000;73132.0000000;2779
SPFB.Si-9.20;1;14/08/20;18:39:00;73133.0000000;73146.0000000;73122.0000000;73139.0000000;3251
SPFB.Si-9.20;1;14/08/20;18:40:00;73139.0000000;73141.0000000;73110.0000000;73113.0000000;2848
SPFB.Si-9.20;1;14/08/20;18:41:00;73110.0000000;73113.0000000;73095.0000000;73100.0000000;3453
SPFB.Si-9.20;1;14/08/20;18:42:00;73097.0000000;73097.0000000;73072.0000000;73080.0000000;7667
SPFB.Si-9.20;1;14/08/20;18:43:00;73078.0000000;73099.0000000;73073.0000000;73099.0000000;3046
SPFB.Si-9.20;1;14/08/20;18:44:00;73096.0000000;73108.0000000;73096.0000000;73106.0000000;3844
SPFB.Si-9.20;1;14/08/20;18:45:00;73108.0000000;73111.0000000;73097.0000000;73108.0000000;2413
SPFB.Si-9.20;1;14/08/20;18:46:00;73065.0000000;73065.0000000;73065.0000000;73065.0000000;0
SPFB.Si-9.20;1;14/08/20;18:47:00;73065.0000000;73065.0000000;73065.0000000;73065.0000000;0
SPFB.Si-9.20;1;14/08/20;18:48:00;73065.0000000;73065.0000000;73065.0000000;73065.0000000;0
SPFB.Si-9.20;1;14/08/20;18:49:00;73065.0000000;73065.0000000;73065.0000000;73065.0000000;0
SPFB.Si-9.20;1;14/08/20;18:50:00;73065.0000000;73065.0000000;73065.0000000;73065.0000000;0
SPFB.Si-9.20;1;14/08/20;18:51:00;73065.0000000;73065.0000000;73065.0000000;73065.0000000;0
SPFB.Si-9.20;1;14/08/20;18:52:00;73065.0000000;73065.0000000;73065.0000000;73065.0000000;0
SPFB.Si-9.20;1;14/08/20;18:53:00;73065.0000000;73065.0000000;73065.0000000;73065.0000000;0
SPFB.Si-9.20;1;14/08/20;18:54:00;73065.0000000;73065.0000000;73065.0000000;73065.0000000;0
SPFB.Si-9.20;1;14/08/20;18:55:00;73065.0000000;73065.0000000;73065.0000000;73065.0000000;0
SPFB.Si-9.20;1;14/08/20;18:56:00;73065.0000000;73065.0000000;73065.0000000;73065.0000000;0
SPFB.Si-9.20;1;14/08/20;18:57:00;73065.0000000;73065.0000000;73065.0000000;73065.0000000;0
SPFB.Si-9.20;1;14/08/20;18:58:00;73065.0000000;73065.0000000;73065.0000000;73065.0000000;0
SPFB.Si-9.20;1;14/08/20;18:59:00;73065.0000000;73065.0000000;73065.0000000;73065.0000000;0
SPFB.Si-9.20;1;14/08/20;19:00:00;73065.0000000;73065.0000000;73065.0000000;73065.0000000;0
SPFB.Si-9.20;1;14/08/20;19:01:00;73096.0000000;73096.0000000;73036.0000000;73065.0000000;3239
SPFB.Si-9.20;1;14/08/20;19:02:00;73065.0000000;73076.0000000;73059.0000000;73076.0000000;1435
SPFB.Si-9.20;1;14/08/20;19:03:00;73075.0000000;73075.0000000;73046.0000000;73049.0000000;1736
SPFB.Si-9.20;1;14/08/20;19:04:00;73050.0000000;73057.0000000;73045.0000000;73055.0000000;895
SPFB.Si-9.20;1;14/08/20;19:05:00;73053.0000000;73069.0000000;73052.0000000;73054.0000000;992
SPFB.Si-9.20;1;14/08/20;19:06:00;73055.0000000;73059.0000000;73049.0000000;73059.0000000;1213
SPFB.Si-9.20;1;14/08/20;19:07:00;73059.0000000;73070.0000000;73058.0000000;73070.0000000;1803
SPFB.Si-9.20;1;14/08/20;19:08:00;73068.0000000;73084.0000000;73061.0000000;73075.0000000;3898
SPFB.Si-9.20;1;14/08/20;19:09:00;73074.0000000;73087.0000000;73066.0000000;73069.0000000;3169
SPFB.Si-9.20;1;14/08/20;19:10:00;73067.0000000;73076.0000000;73065.0000000;73076.0000000;242
SPFB.Si-9.20;1;14/08/20;19:11:00;73073.0000000;73078.0000000;73070.0000000;73076.0000000;2340
SPFB.Si-9.20;1;14/08/20;19:12:00;73073.0000000;73081.0000000;73071.0000000;73081.0000000;707
SPFB.Si-9.20;1;14/08/20;19:13:00;73076.0000000;73090.0000000;73071.0000000;73083.0000000;1671
SPFB.Si-9.20;1;14/08/20;19:14:00;73084.0000000;73092.0000000;73074.0000000;73076.0000000;1248
SPFB.Si-9.20;1;14/08/20;19:15:00;73074.0000000;73083.0000000;73074.0000000;73077.0000000;606
SPFB.Si-9.20;1;14/08/20;19:16:00;73075.0000000;73079.0000000;73061.0000000;73070.0000000;1008
SPFB.Si-9.20;1;14/08/20;19:17:00;73066.0000000;73070.0000000;73051.0000000;73060.0000000;808
SPFB.Si-9.20;1;14/08/20;19:18:00;73060.0000000;73072.0000000;73058.0000000;73071.0000000;383
SPFB.Si-9.20;1;14/08/20;19:19:00;73070.0000000;73077.0000000;73070.0000000;73072.0000000;439
SPFB.Si-9.20;1;14/08/20;19:20:00;73075.0000000;73080.0000000;73061.0000000;73063.0000000;1024
SPFB.Si-9.20;1;14/08/20;19:21:00;73063.0000000;73072.0000000;73062.0000000;73069.0000000;314
SPFB.Si-9.20;1;14/08/20;19:22:00;73071.0000000;73085.0000000;73063.0000000;73063.0000000;1915
SPFB.Si-9.20;1;14/08/20;19:23:00;73062.0000000;73083.0000000;73061.0000000;73083.0000000;468
SPFB.Si-9.20;1;14/08/20;19:24:00;73083.0000000;73111.0000000;73081.0000000;73108.0000000;3495
SPFB.Si-9.20;1;14/08/20;19:25:00;73108.0000000;73110.0000000;73092.0000000;73104.0000000;2641
SPFB.Si-9.20;1;14/08/20;19:26:00;73104.0000000;73115.0000000;73104.0000000;73115.0000000;1402
SPFB.Si-9.20;1;14/08/20;19:27:00;73114.0000000;73120.0000000;73107.0000000;73117.0000000;987
SPFB.Si-9.20;1;14/08/20;19:28:00;73115.0000000;73148.0000000;73113.0000000;73130.0000000;5589
SPFB.Si-9.20;1;14/08/20;19:29:00;73132.0000000;73140.0000000;73116.0000000;73118.0000000;1756
SPFB.Si-9.20;1;14/08/20;19:30:00;73117.0000000;73124.0000000;73111.0000000;73115.0000000;1206
SPFB.Si-9.20;1;14/08/20;19:31:00;73117.0000000;73121.0000000;73111.0000000;73120.0000000;538
SPFB.Si-9.20;1;14/08/20;19:32:00;73120.0000000;73126.0000000;73086.0000000;73087.0000000;1787
SPFB.Si-9.20;1;14/08/20;19:33:00;73087.0000000;73089.0000000;73077.0000000;73087.0000000;853
SPFB.Si-9.20;1;14/08/20;19:34:00;73086.0000000;73090.0000000;73065.0000000;73076.0000000;1533
SPFB.Si-9.20;1;14/08/20;19:35:00;73079.0000000;73079.0000000;73067.0000000;73067.0000000;507
SPFB.Si-9.20;1;14/08/20;19:36:00;73069.0000000;73099.0000000;73065.0000000;73093.0000000;947
SPFB.Si-9.20;1;14/08/20;19:37:00;73093.0000000;73110.0000000;73093.0000000;73098.0000000;1391
SPFB.Si-9.20;1;14/08/20;19:38:00;73100.0000000;73116.0000000;73099.0000000;73111.0000000;602
SPFB.Si-9.20;1;14/08/20;19:39:00;73111.0000000;73114.0000000;73104.0000000;73114.0000000;433
SPFB.Si-9.20;1;14/08/20;19:40:00;73111.0000000;73114.0000000;73101.0000000;73101.0000000;400
SPFB.Si-9.20;1;14/08/20;19:41:00;73105.0000000;73105.0000000;73093.0000000;73099.0000000;732
SPFB.Si-9.20;1;14/08/20;19:42:00;73096.0000000;73098.0000000;73080.0000000;73092.0000000;623
SPFB.Si-9.20;1;14/08/20;19:43:00;73094.0000000;73105.0000000;73093.0000000;73100.0000000;719
SPFB.Si-9.20;1;14/08/20;19:44:00;73100.0000000;73112.0000000;73096.0000000;73101.0000000;918
SPFB.Si-9.20;1;14/08/20;19:45:00;73100.0000000;73100.0000000;73087.0000000;73095.0000000;732
SPFB.Si-9.20;1;14/08/20;19:46:00;73093.0000000;73111.0000000;73090.0000000;73109.0000000;470
SPFB.Si-9.20;1;14/08/20;19:47:00;73111.0000000;73123.0000000;73095.0000000;73100.0000000;749
SPFB.Si-9.20;1;14/08/20;19:48:00;73100.0000000;73112.0000000;73100.0000000;73111.0000000;307
SPFB.Si-9.20;1;14/08/20;19:49:00;73109.0000000;73114.0000000;73107.0000000;73107.0000000;365
SPFB.Si-9.20;1;14/08/20;19:50:00;73104.0000000;73107.0000000;73100.0000000;73107.0000000;442
SPFB.Si-9.20;1;14/08/20;19:51:00;73103.0000000;73109.0000000;73102.0000000;73104.0000000;139
SPFB.Si-9.20;1;14/08/20;19:52:00;73104.0000000;73121.0000000;73096.0000000;73096.0000000;1048
SPFB.Si-9.20;1;14/08/20;19:53:00;73096.0000000;73101.0000000;73091.0000000;73098.0000000;351
SPFB.Si-9.20;1;14/08/20;19:54:00;73095.0000000;73102.0000000;73092.0000000;73098.0000000;436
SPFB.Si-9.20;1;14/08/20;19:55:00;73100.0000000;73104.0000000;73095.0000000;73100.0000000;209
SPFB.Si-9.20;1;14/08/20;19:56:00;73100.0000000;73103.0000000;73096.0000000;73103.0000000;226
SPFB.Si-9.20;1;14/08/20;19:57:00;73102.0000000;73107.0000000;73100.0000000;73104.0000000;448
SPFB.Si-9.20;1;14/08/20;19:58:00;73106.0000000;73107.0000000;73096.0000000;73107.0000000;602
SPFB.Si-9.20;1;14/08/20;19:59:00;73103.0000000;73121.0000000;73103.0000000;73120.0000000;1059
SPFB.Si-9.20;1;14/08/20;20:00:00;73120.0000000;73125.0000000;73097.0000000;73098.0000000;1661
SPFB.Si-9.20;1;14/08/20;20:01:00;73100.0000000;73106.0000000;73090.0000000;73091.0000000;1216
SPFB.Si-9.20;1;14/08/20;20:02:00;73090.0000000;73094.0000000;73077.0000000;73081.0000000;1271
SPFB.Si-9.20;1;14/08/20;20:03:00;73082.0000000;73087.0000000;73077.0000000;73079.0000000;735
SPFB.Si-9.20;1;14/08/20;20:04:00;73078.0000000;73079.0000000;73071.0000000;73077.0000000;566
SPFB.Si-9.20;1;14/08/20;20:05:00;73075.0000000;73084.0000000;73075.0000000;73083.0000000;845
SPFB.Si-9.20;1;14/08/20;20:06:00;73083.0000000;73087.0000000;73076.0000000;73081.0000000;327
SPFB.Si-9.20;1;14/08/20;20:07:00;73083.0000000;73084.0000000;73053.0000000;73058.0000000;2741
SPFB.Si-9.20;1;14/08/20;20:08:00;73058.0000000;73070.0000000;73056.0000000;73065.0000000;731
SPFB.Si-9.20;1;14/08/20;20:09:00;73065.0000000;73095.0000000;73065.0000000;73091.0000000;2177
SPFB.Si-9.20;1;14/08/20;20:10:00;73091.0000000;73100.0000000;73071.0000000;73071.0000000;1015
SPFB.Si-9.20;1;14/08/20;20:11:00;73072.0000000;73084.0000000;73069.0000000;73078.0000000;512
SPFB.Si-9.20;1;14/08/20;20:12:00;73083.0000000;73106.0000000;73078.0000000;73105.0000000;4431
SPFB.Si-9.20;1;14/08/20;20:13:00;73102.0000000;73106.0000000;73101.0000000;73105.0000000;311
SPFB.Si-9.20;1;14/08/20;20:14:00;73105.0000000;73106.0000000;73100.0000000;73102.0000000;439
SPFB.Si-9.20;1;14/08/20;20:15:00;73105.0000000;73108.0000000;73100.0000000;73104.0000000;1105
SPFB.Si-9.20;1;14/08/20;20:16:00;73105.0000000;73108.0000000;73101.0000000;73104.0000000;408
SPFB.Si-9.20;1;14/08/20;20:17:00;73104.0000000;73107.0000000;73100.0000000;73106.0000000;285
SPFB.Si-9.20;1;14/08/20;20:18:00;73106.0000000;73114.0000000;73104.0000000;73111.0000000;738
SPFB.Si-9.20;1;14/08/20;20:19:00;73111.0000000;73112.0000000;73104.0000000;73108.0000000;491
SPFB.Si-9.20;1;14/08/20;20:20:00;73109.0000000;73112.0000000;73105.0000000;73107.0000000;461
SPFB.Si-9.20;1;14/08/20;20:21:00;73106.0000000;73142.0000000;73100.0000000;73128.0000000;2992
SPFB.Si-9.20;1;14/08/20;20:22:00;73128.0000000;73133.0000000;73110.0000000;73112.0000000;971
SPFB.Si-9.20;1;14/08/20;20:23:00;73112.0000000;73116.0000000;73102.0000000;73105.0000000;424
SPFB.Si-9.20;1;14/08/20;20:24:00;73105.0000000;73106.0000000;73100.0000000;73104.0000000;363
SPFB.Si-9.20;1;14/08/20;20:25:00;73105.0000000;73105.0000000;73100.0000000;73101.0000000;329
SPFB.Si-9.20;1;14/08/20;20:26:00;73103.0000000;73109.0000000;73101.0000000;73106.0000000;602
SPFB.Si-9.20;1;14/08/20;20:27:00;73103.0000000;73106.0000000;73100.0000000;73106.0000000;244
SPFB.Si-9.20;1;14/08/20;20:28:00;73105.0000000;73105.0000000;73076.0000000;73078.0000000;7336
SPFB.Si-9.20;1;14/08/20;20:29:00;73076.0000000;73083.0000000;73068.0000000;73072.0000000;751
SPFB.Si-9.20;1;14/08/20;20:30:00;73070.0000000;73085.0000000;73067.0000000;73085.0000000;366
SPFB.Si-9.20;1;14/08/20;20:31:00;73083.0000000;73086.0000000;73074.0000000;73081.0000000;409
SPFB.Si-9.20;1;14/08/20;20:32:00;73078.0000000;73081.0000000;73071.0000000;73071.0000000;271
SPFB.Si-9.20;1;14/08/20;20:33:00;73072.0000000;73087.0000000;73070.0000000;73084.0000000;829
SPFB.Si-9.20;1;14/08/20;20:34:00;73083.0000000;73085.0000000;73072.0000000;73083.0000000;501
SPFB.Si-9.20;1;14/08/20;20:35:00;73083.0000000;73089.0000000;73079.0000000;73086.0000000;197
SPFB.Si-9.20;1;14/08/20;20:36:00;73084.0000000;73088.0000000;73081.0000000;73082.0000000;267
SPFB.Si-9.20;1;14/08/20;20:37:00;73083.0000000;73105.0000000;73083.0000000;73096.0000000;1065
SPFB.Si-9.20;1;14/08/20;20:38:00;73097.0000000;73101.0000000;73095.0000000;73100.0000000;260
SPFB.Si-9.20;1;14/08/20;20:39:00;73096.0000000;73110.0000000;73094.0000000;73109.0000000;354
SPFB.Si-9.20;1;14/08/20;20:40:00;73109.0000000;73120.0000000;73109.0000000;73113.0000000;698
SPFB.Si-9.20;1;14/08/20;20:41:00;73115.0000000;73115.0000000;73094.0000000;73105.0000000;371
SPFB.Si-9.20;1;14/08/20;20:42:00;73105.0000000;73106.0000000;73076.0000000;73080.0000000;721
SPFB.Si-9.20;1;14/08/20;20:43:00;73080.0000000;73087.0000000;73074.0000000;73083.0000000;528
SPFB.Si-9.20;1;14/08/20;20:44:00;73083.0000000;73086.0000000;73080.0000000;73086.0000000;310
SPFB.Si-9.20;1;14/08/20;20:45:00;73086.0000000;73091.0000000;73084.0000000;73090.0000000;245
SPFB.Si-9.20;1;14/08/20;20:46:00;73090.0000000;73093.0000000;73082.0000000;73088.0000000;283
SPFB.Si-9.20;1;14/08/20;20:47:00;73086.0000000;73104.0000000;73086.0000000;73095.0000000;979
SPFB.Si-9.20;1;14/08/20;20:48:00;73092.0000000;73121.0000000;73090.0000000;73119.0000000;1520
SPFB.Si-9.20;1;14/08/20;20:49:00;73119.0000000;73121.0000000;73097.0000000;73111.0000000;498
SPFB.Si-9.20;1;14/08/20;20:50:00;73111.0000000;73117.0000000;73106.0000000;73112.0000000;407
SPFB.Si-9.20;1;14/08/20;20:51:00;73113.0000000;73120.0000000;73103.0000000;73114.0000000;449
SPFB.Si-9.20;1;14/08/20;20:52:00;73115.0000000;73127.0000000;73114.0000000;73126.0000000;821
SPFB.Si-9.20;1;14/08/20;20:53:00;73126.0000000;73137.0000000;73125.0000000;73128.0000000;756
SPFB.Si-9.20;1;14/08/20;20:54:00;73125.0000000;73137.0000000;73106.0000000;73110.0000000;981
SPFB.Si-9.20;1;14/08/20;20:55:00;73110.0000000;73124.0000000;73110.0000000;73121.0000000;301
SPFB.Si-9.20;1;14/08/20;20:56:00;73124.0000000;73167.0000000;73124.0000000;73158.0000000;3499
SPFB.Si-9.20;1;14/08/20;20:57:00;73158.0000000;73181.0000000;73158.0000000;73166.0000000;2482
SPFB.Si-9.20;1;14/08/20;20:58:00;73167.0000000;73198.0000000;73163.0000000;73179.0000000;2950
SPFB.Si-9.20;1;14/08/20;20:59:00;73181.0000000;73185.0000000;73165.0000000;73171.0000000;1915
SPFB.Si-9.20;1;14/08/20;21:00:00;73171.0000000;73197.0000000;73164.0000000;73190.0000000;1811
SPFB.Si-9.20;1;14/08/20;21:01:00;73194.0000000;73216.0000000;73191.0000000;73211.0000000;2345
SPFB.Si-9.20;1;14/08/20;21:02:00;73211.0000000;73215.0000000;73187.0000000;73198.0000000;1805
SPFB.Si-9.20;1;14/08/20;21:03:00;73200.0000000;73200.0000000;73183.0000000;73195.0000000;558
SPFB.Si-9.20;1;14/08/20;21:04:00;73196.0000000;73208.0000000;73185.0000000;73202.0000000;1015
SPFB.Si-9.20;1;14/08/20;21:05:00;73202.0000000;73202.0000000;73184.0000000;73193.0000000;868
SPFB.Si-9.20;1;14/08/20;21:06:00;73191.0000000;73199.0000000;73172.0000000;73181.0000000;970
SPFB.Si-9.20;1;14/08/20;21:07:00;73181.0000000;73188.0000000;73180.0000000;73187.0000000;346
SPFB.Si-9.20;1;14/08/20;21:08:00;73188.0000000;73189.0000000;73182.0000000;73185.0000000;295
SPFB.Si-9.20;1;14/08/20;21:09:00;73186.0000000;73189.0000000;73171.0000000;73177.0000000;664
SPFB.Si-9.20;1;14/08/20;21:10:00;73176.0000000;73189.0000000;73175.0000000;73184.0000000;348
SPFB.Si-9.20;1;14/08/20;21:11:00;73184.0000000;73192.0000000;73172.0000000;73185.0000000;1046
SPFB.Si-9.20;1;14/08/20;21:12:00;73184.0000000;73185.0000000;73164.0000000;73167.0000000;804
SPFB.Si-9.20;1;14/08/20;21:13:00;73165.0000000;73178.0000000;73162.0000000;73172.0000000;903
SPFB.Si-9.20;1;14/08/20;21:14:00;73174.0000000;73175.0000000;73161.0000000;73162.0000000;330
SPFB.Si-9.20;1;14/08/20;21:15:00;73162.0000000;73166.0000000;73158.0000000;73162.0000000;359
SPFB.Si-9.20;1;14/08/20;21:16:00;73160.0000000;73168.0000000;73153.0000000;73168.0000000;1650
SPFB.Si-9.20;1;14/08/20;21:17:00;73167.0000000;73182.0000000;73141.0000000;73182.0000000;3527
SPFB.Si-9.20;1;14/08/20;21:18:00;73181.0000000;73191.0000000;73178.0000000;73185.0000000;704
SPFB.Si-9.20;1;14/08/20;21:19:00;73185.0000000;73190.0000000;73182.0000000;73183.0000000;364
SPFB.Si-9.20;1;14/08/20;21:20:00;73183.0000000;73195.0000000;73182.0000000;73193.0000000;381
SPFB.Si-9.20;1;14/08/20;21:21:00;73193.0000000;73198.0000000;73186.0000000;73186.0000000;376
SPFB.Si-9.20;1;14/08/20;21:22:00;73186.0000000;73188.0000000;73167.0000000;73174.0000000;620
SPFB.Si-9.20;1;14/08/20;21:23:00;73175.0000000;73179.0000000;73155.0000000;73163.0000000;621
SPFB.Si-9.20;1;14/08/20;21:24:00;73164.0000000;73179.0000000;73162.0000000;73179.0000000;482
SPFB.Si-9.20;1;14/08/20;21:25:00;73178.0000000;73178.0000000;73169.0000000;73174.0000000;173
SPFB.Si-9.20;1;14/08/20;21:26:00;73173.0000000;73191.0000000;73167.0000000;73190.0000000;778
SPFB.Si-9.20;1;14/08/20;21:27:00;73191.0000000;73194.0000000;73180.0000000;73180.0000000;244
SPFB.Si-9.20;1;14/08/20;21:28:00;73181.0000000;73181.0000000;73169.0000000;73181.0000000;526
SPFB.Si-9.20;1;14/08/20;21:29:00;73182.0000000;73184.0000000;73170.0000000;73175.0000000;338
SPFB.Si-9.20;1;14/08/20;21:30:00;73170.0000000;73174.0000000;73169.0000000;73170.0000000;153
SPFB.Si-9.20;1;14/08/20;21:31:00;73169.0000000;73169.0000000;73146.0000000;73150.0000000;1940
SPFB.Si-9.20;1;14/08/20;21:32:00;73150.0000000;73150.0000000;73085.0000000;73091.0000000;6218
SPFB.Si-9.20;1;14/08/20;21:33:00;73088.0000000;73114.0000000;73083.0000000;73108.0000000;1148
SPFB.Si-9.20;1;14/08/20;21:34:00;73110.0000000;73115.0000000;73105.0000000;73110.0000000;505
SPFB.Si-9.20;1;14/08/20;21:35:00;73106.0000000;73111.0000000;73089.0000000;73110.0000000;684
SPFB.Si-9.20;1;14/08/20;21:36:00;73107.0000000;73111.0000000;73096.0000000;73107.0000000;695
SPFB.Si-9.20;1;14/08/20;21:37:00;73105.0000000;73107.0000000;73101.0000000;73104.0000000;88
SPFB.Si-9.20;1;14/08/20;21:38:00;73106.0000000;73111.0000000;73104.0000000;73109.0000000;181
SPFB.Si-9.20;1;14/08/20;21:39:00;73108.0000000;73114.0000000;73106.0000000;73109.0000000;142
SPFB.Si-9.20;1;14/08/20;21:40:00;73109.0000000;73124.0000000;73106.0000000;73123.0000000;562
SPFB.Si-9.20;1;14/08/20;21:41:00;73123.0000000;73128.0000000;73116.0000000;73123.0000000;351
SPFB.Si-9.20;1;14/08/20;21:42:00;73121.0000000;73124.0000000;73109.0000000;73114.0000000;357
SPFB.Si-9.20;1;14/08/20;21:43:00;73114.0000000;73131.0000000;73112.0000000;73125.0000000;508
SPFB.Si-9.20;1;14/08/20;21:44:00;73125.0000000;73129.0000000;73121.0000000;73126.0000000;333
SPFB.Si-9.20;1;14/08/20;21:45:00;73126.0000000;73126.0000000;73113.0000000;73114.0000000;769
SPFB.Si-9.20;1;14/08/20;21:46:00;73114.0000000;73124.0000000;73113.0000000;73120.0000000;274
SPFB.Si-9.20;1;14/08/20;21:47:00;73120.0000000;73127.0000000;73118.0000000;73127.0000000;586
SPFB.Si-9.20;1;14/08/20;21:48:00;73127.0000000;73128.0000000;73121.0000000;73124.0000000;67
SPFB.Si-9.20;1;14/08/20;21:49:00;73121.0000000;73123.0000000;73113.0000000;73116.0000000;891
SPFB.Si-9.20;1;14/08/20;21:50:00;73114.0000000;73120.0000000;73110.0000000;73115.0000000;333
SPFB.Si-9.20;1;14/08/20;21:51:00;73114.0000000;73116.0000000;73102.0000000;73113.0000000;556
SPFB.Si-9.20;1;14/08/20;21:52:00;73112.0000000;73113.0000000;73100.0000000;73101.0000000;755
SPFB.Si-9.20;1;14/08/20;21:53:00;73100.0000000;73101.0000000;73094.0000000;73098.0000000;510
SPFB.Si-9.20;1;14/08/20;21:54:00;73099.0000000;73105.0000000;73095.0000000;73105.0000000;174
SPFB.Si-9.20;1;14/08/20;21:55:00;73105.0000000;73105.0000000;73092.0000000;73092.0000000;627
SPFB.Si-9.20;1;14/08/20;21:56:00;73092.0000000;73108.0000000;73089.0000000;73107.0000000;1017
SPFB.Si-9.20;1;14/08/20;21:57:00;73106.0000000;73118.0000000;73104.0000000;73116.0000000;355
SPFB.Si-9.20;1;14/08/20;21:58:00;73116.0000000;73122.0000000;73112.0000000;73116.0000000;279
SPFB.Si-9.20;1;14/08/20;21:59:00;73113.0000000;73123.0000000;73113.0000000;73120.0000000;168
SPFB.Si-9.20;1;14/08/20;22:00:00;73119.0000000;73125.0000000;73116.0000000;73122.0000000;207
SPFB.Si-9.20;1;14/08/20;22:01:00;73125.0000000;73145.0000000;73123.0000000;73131.0000000;1046
SPFB.Si-9.20;1;14/08/20;22:02:00;73128.0000000;73155.0000000;73126.0000000;73155.0000000;1043
SPFB.Si-9.20;1;14/08/20;22:03:00;73154.0000000;73160.0000000;73140.0000000;73141.0000000;420
SPFB.Si-9.20;1;14/08/20;22:04:00;73144.0000000;73151.0000000;73142.0000000;73148.0000000;189
SPFB.Si-9.20;1;14/08/20;22:05:00;73148.0000000;73151.0000000;73136.0000000;73139.0000000;528
SPFB.Si-9.20;1;14/08/20;22:06:00;73139.0000000;73145.0000000;73131.0000000;73138.0000000;545
SPFB.Si-9.20;1;14/08/20;22:07:00;73137.0000000;73140.0000000;73131.0000000;73140.0000000;202
SPFB.Si-9.20;1;14/08/20;22:08:00;73141.0000000;73143.0000000;73135.0000000;73135.0000000;132
SPFB.Si-9.20;1;14/08/20;22:09:00;73135.0000000;73137.0000000;73130.0000000;73137.0000000;162
SPFB.Si-9.20;1;14/08/20;22:10:00;73135.0000000;73142.0000000;73132.0000000;73141.0000000;220
SPFB.Si-9.20;1;14/08/20;22:11:00;73141.0000000;73147.0000000;73139.0000000;73142.0000000;166
SPFB.Si-9.20;1;14/08/20;22:12:00;73139.0000000;73141.0000000;73133.0000000;73139.0000000;107
SPFB.Si-9.20;1;14/08/20;22:13:00;73139.0000000;73152.0000000;73139.0000000;73149.0000000;657
SPFB.Si-9.20;1;14/08/20;22:14:00;73150.0000000;73154.0000000;73150.0000000;73150.0000000;87
SPFB.Si-9.20;1;14/08/20;22:15:00;73151.0000000;73153.0000000;73129.0000000;73130.0000000;560
SPFB.Si-9.20;1;14/08/20;22:16:00;73136.0000000;73146.0000000;73128.0000000;73140.0000000;560
SPFB.Si-9.20;1;14/08/20;22:17:00;73140.0000000;73146.0000000;73127.0000000;73130.0000000;321
SPFB.Si-9.20;1;14/08/20;22:18:00;73130.0000000;73136.0000000;73126.0000000;73131.0000000;234
SPFB.Si-9.20;1;14/08/20;22:19:00;73131.0000000;73134.0000000;73130.0000000;73134.0000000;39
SPFB.Si-9.20;1;14/08/20;22:20:00;73133.0000000;73139.0000000;73131.0000000;73137.0000000;193
SPFB.Si-9.20;1;14/08/20;22:21:00;73138.0000000;73148.0000000;73133.0000000;73144.0000000;609
SPFB.Si-9.20;1;14/08/20;22:22:00;73145.0000000;73156.0000000;73142.0000000;73152.0000000;878
SPFB.Si-9.20;1;14/08/20;22:23:00;73152.0000000;73157.0000000;73149.0000000;73149.0000000;236
SPFB.Si-9.20;1;14/08/20;22:24:00;73150.0000000;73157.0000000;73148.0000000;73152.0000000;290
SPFB.Si-9.20;1;14/08/20;22:25:00;73153.0000000;73157.0000000;73150.0000000;73150.0000000;153
SPFB.Si-9.20;1;14/08/20;22:26:00;73151.0000000;73159.0000000;73151.0000000;73157.0000000;200
SPFB.Si-9.20;1;14/08/20;22:27:00;73157.0000000;73158.0000000;73146.0000000;73153.0000000;323
SPFB.Si-9.20;1;14/08/20;22:28:00;73155.0000000;73157.0000000;73153.0000000;73154.0000000;70
SPFB.Si-9.20;1;14/08/20;22:29:00;73156.0000000;73156.0000000;73146.0000000;73147.0000000;264
SPFB.Si-9.20;1;14/08/20;22:30:00;73147.0000000;73152.0000000;73096.0000000;73118.0000000;3686
SPFB.Si-9.20;1;14/08/20;22:31:00;73118.0000000;73126.0000000;73113.0000000;73124.0000000;393
SPFB.Si-9.20;1;14/08/20;22:32:00;73126.0000000;73126.0000000;73121.0000000;73126.0000000;176
SPFB.Si-9.20;1;14/08/20;22:33:00;73127.0000000;73133.0000000;73124.0000000;73130.0000000;268
SPFB.Si-9.20;1;14/08/20;22:34:00;73130.0000000;73136.0000000;73129.0000000;73131.0000000;268
SPFB.Si-9.20;1;14/08/20;22:35:00;73132.0000000;73136.0000000;73129.0000000;73131.0000000;204
SPFB.Si-9.20;1;14/08/20;22:36:00;73132.0000000;73133.0000000;73125.0000000;73129.0000000;218
SPFB.Si-9.20;1;14/08/20;22:37:00;73130.0000000;73130.0000000;73115.0000000;73127.0000000;541
SPFB.Si-9.20;1;14/08/20;22:38:00;73128.0000000;73128.0000000;73108.0000000;73122.0000000;716
SPFB.Si-9.20;1;14/08/20;22:39:00;73118.0000000;73124.0000000;73118.0000000;73123.0000000;103
SPFB.Si-9.20;1;14/08/20;22:40:00;73119.0000000;73123.0000000;73113.0000000;73115.0000000;249
SPFB.Si-9.20;1;14/08/20;22:41:00;73115.0000000;73120.0000000;73112.0000000;73119.0000000;93
SPFB.Si-9.20;1;14/08/20;22:42:00;73117.0000000;73123.0000000;73117.0000000;73119.0000000;158
SPFB.Si-9.20;1;14/08/20;22:43:00;73118.0000000;73123.0000000;73114.0000000;73117.0000000;223
SPFB.Si-9.20;1;14/08/20;22:44:00;73116.0000000;73117.0000000;73108.0000000;73110.0000000;399
SPFB.Si-9.20;1;14/08/20;22:45:00;73108.0000000;73120.0000000;73106.0000000;73109.0000000;444
SPFB.Si-9.20;1;14/08/20;22:46:00;73107.0000000;73118.0000000;73106.0000000;73118.0000000;167
SPFB.Si-9.20;1;14/08/20;22:47:00;73115.0000000;73133.0000000;73114.0000000;73129.0000000;713
SPFB.Si-9.20;1;14/08/20;22:48:00;73129.0000000;73135.0000000;73128.0000000;73131.0000000;269
SPFB.Si-9.20;1;14/08/20;22:49:00;73133.0000000;73136.0000000;73127.0000000;73131.0000000;235
SPFB.Si-9.20;1;14/08/20;22:50:00;73131.0000000;73148.0000000;73129.0000000;73143.0000000;557
SPFB.Si-9.20;1;14/08/20;22:51:00;73147.0000000;73147.0000000;73140.0000000;73146.0000000;214
SPFB.Si-9.20;1;14/08/20;22:52:00;73142.0000000;73146.0000000;73136.0000000;73136.0000000;245
SPFB.Si-9.20;1;14/08/20;22:53:00;73137.0000000;73141.0000000;73127.0000000;73127.0000000;274
SPFB.Si-9.20;1;14/08/20;22:54:00;73128.0000000;73132.0000000;73126.0000000;73130.0000000;228
SPFB.Si-9.20;1;14/08/20;22:55:00;73128.0000000;73142.0000000;73125.0000000;73126.0000000;648
SPFB.Si-9.20;1;14/08/20;22:56:00;73124.0000000;73130.0000000;73115.0000000;73125.0000000;329
SPFB.Si-9.20;1;14/08/20;22:57:00;73120.0000000;73120.0000000;73116.0000000;73117.0000000;121
SPFB.Si-9.20;1;14/08/20;22:58:00;73119.0000000;73121.0000000;73118.0000000;73121.0000000;72
SPFB.Si-9.20;1;14/08/20;22:59:00;73118.0000000;73121.0000000;73118.0000000;73120.0000000;28
SPFB.Si-9.20;1;14/08/20;23:00:00;73120.0000000;73122.0000000;73110.0000000;73111.0000000;755
SPFB.Si-9.20;1;14/08/20;23:01:00;73112.0000000;73112.0000000;73090.0000000;73097.0000000;1958
SPFB.Si-9.20;1;14/08/20;23:02:00;73096.0000000;73101.0000000;73093.0000000;73100.0000000;577
SPFB.Si-9.20;1;14/08/20;23:03:00;73100.0000000;73104.0000000;73091.0000000;73095.0000000;705
SPFB.Si-9.20;1;14/08/20;23:04:00;73095.0000000;73097.0000000;73074.0000000;73076.0000000;1193
SPFB.Si-9.20;1;14/08/20;23:05:00;73076.0000000;73081.0000000;73073.0000000;73078.0000000;1349
SPFB.Si-9.20;1;14/08/20;23:06:00;73079.0000000;73080.0000000;73066.0000000;73075.0000000;1606
SPFB.Si-9.20;1;14/08/20;23:07:00;73073.0000000;73082.0000000;73067.0000000;73074.0000000;1173
SPFB.Si-9.20;1;14/08/20;23:08:00;73071.0000000;73075.0000000;73070.0000000;73070.0000000;974
SPFB.Si-9.20;1;14/08/20;23:09:00;73071.0000000;73074.0000000;73070.0000000;73074.0000000;828
SPFB.Si-9.20;1;14/08/20;23:10:00;73074.0000000;73085.0000000;73070.0000000;73081.0000000;1110
SPFB.Si-9.20;1;14/08/20;23:11:00;73077.0000000;73084.0000000;73075.0000000;73081.0000000;246
SPFB.Si-9.20;1;14/08/20;23:12:00;73076.0000000;73081.0000000;73065.0000000;73066.0000000;2603
SPFB.Si-9.20;1;14/08/20;23:13:00;73065.0000000;73069.0000000;73063.0000000;73068.0000000;716
SPFB.Si-9.20;1;14/08/20;23:14:00;73068.0000000;73070.0000000;73062.0000000;73066.0000000;699
SPFB.Si-9.20;1;14/08/20;23:15:00;73063.0000000;73066.0000000;73060.0000000;73061.0000000;568
SPFB.Si-9.20;1;14/08/20;23:16:00;73061.0000000;73066.0000000;73060.0000000;73066.0000000;504
SPFB.Si-9.20;1;14/08/20;23:17:00;73066.0000000;73066.0000000;73052.0000000;73054.0000000;3516
SPFB.Si-9.20;1;14/08/20;23:18:00;73054.0000000;73059.0000000;73052.0000000;73054.0000000;577
SPFB.Si-9.20;1;14/08/20;23:19:00;73054.0000000;73060.0000000;73052.0000000;73055.0000000;1254
SPFB.Si-9.20;1;14/08/20;23:20:00;73057.0000000;73070.0000000;73054.0000000;73069.0000000;971
SPFB.Si-9.20;1;14/08/20;23:21:00;73070.0000000;73091.0000000;73068.0000000;73077.0000000;1470
SPFB.Si-9.20;1;14/08/20;23:22:00;73075.0000000;73077.0000000;73069.0000000;73073.0000000;91
SPFB.Si-9.20;1;14/08/20;23:23:00;73074.0000000;73083.0000000;73074.0000000;73081.0000000;270
SPFB.Si-9.20;1;14/08/20;23:24:00;73080.0000000;73086.0000000;73077.0000000;73080.0000000;149
SPFB.Si-9.20;1;14/08/20;23:25:00;73086.0000000;73089.0000000;73072.0000000;73078.0000000;719
SPFB.Si-9.20;1;14/08/20;23:26:00;73077.0000000;73084.0000000;73075.0000000;73080.0000000;91
SPFB.Si-9.20;1;14/08/20;23:27:00;73078.0000000;73094.0000000;73078.0000000;73088.0000000;320
SPFB.Si-9.20;1;14/08/20;23:28:00;73090.0000000;73090.0000000;73084.0000000;73085.0000000;135
SPFB.Si-9.20;1;14/08/20;23:29:00;73086.0000000;73090.0000000;73085.0000000;73088.0000000;74
SPFB.Si-9.20;1;14/08/20;23:30:00;73089.0000000;73094.0000000;73085.0000000;73093.0000000;313
SPFB.Si-9.20;1;14/08/20;23:31:00;73090.0000000;73100.0000000;73087.0000000;73098.0000000;903
SPFB.Si-9.20;1;14/08/20;23:32:00;73094.0000000;73099.0000000;73074.0000000;73077.0000000;441
SPFB.Si-9.20;1;14/08/20;23:33:00;73079.0000000;73079.0000000;73072.0000000;73076.0000000;224
SPFB.Si-9.20;1;14/08/20;23:34:00;73073.0000000;73076.0000000;73068.0000000;73073.0000000;397
SPFB.Si-9.20;1;14/08/20;23:35:00;73073.0000000;73073.0000000;73064.0000000;73067.0000000;1009
SPFB.Si-9.20;1;14/08/20;23:36:00;73064.0000000;73070.0000000;73061.0000000;73070.0000000;656
SPFB.Si-9.20;1;14/08/20;23:37:00;73070.0000000;73070.0000000;73065.0000000;73065.0000000;160
SPFB.Si-9.20;1;14/08/20;23:38:00;73068.0000000;73072.0000000;73066.0000000;73071.0000000;189
SPFB.Si-9.20;1;14/08/20;23:39:00;73071.0000000;73080.0000000;73071.0000000;73079.0000000;237
SPFB.Si-9.20;1;14/08/20;23:40:00;73080.0000000;73082.0000000;73074.0000000;73082.0000000;627
SPFB.Si-9.20;1;14/08/20;23:41:00;73083.0000000;73086.0000000;73072.0000000;73080.0000000;959
SPFB.Si-9.20;1;14/08/20;23:42:00;73082.0000000;73085.0000000;73072.0000000;73072.0000000;300
SPFB.Si-9.20;1;14/08/20;23:43:00;73074.0000000;73079.0000000;73069.0000000;73072.0000000;390
SPFB.Si-9.20;1;14/08/20;23:44:00;73073.0000000;73085.0000000;73067.0000000;73077.0000000;1017
SPFB.Si-9.20;1;14/08/20;23:45:00;73073.0000000;73083.0000000;73070.0000000;73075.0000000;486
SPFB.Si-9.20;1;14/08/20;23:46:00;73073.0000000;73084.0000000;73069.0000000;73082.0000000;1430
SPFB.Si-9.20;1;14/08/20;23:47:00;73080.0000000;73083.0000000;73080.0000000;73080.0000000;197
SPFB.Si-9.20;1;14/08/20;23:48:00;73080.0000000;73087.0000000;73080.0000000;73086.0000000;1007
SPFB.Si-9.20;1;14/08/20;23:49:00;73083.0000000;73094.0000000;73080.0000000;73081.0000000;1434
SPFB.Si-9.20;1;14/08/20;23:50:00;73086.0000000;73102.0000000;73074.0000000;73084.0000000;2334
